Processing tasmota32 (extends: env:tasmota32_base; build_flags: -DCORE_DEBUG_LEVEL=0, -Wl,-Map,firmware.map, -Wno-deprecated-declarations, -mtarget-align, -free, -fipa-pta, -Wreturn-type, -DTASMOTA, -DUSE_CONFIG_OVERRIDE, -DUSE_IPV6, -mno-target-align, -Wno-switch-unreachable, -Wno-stringop-overflow, -fno-exceptions, -flto=auto, -DBUFFER_LENGTH=128, -DHTTP_UPLOAD_BUFLEN=2048, -DMQTT_MAX_PACKET_SIZE=1200, -Duint32=uint32_t, -Duint16=uint16_t, -Duint8=uint8_t, -Dsint8_t=int8_t, -Dsint32_t=int32_t, -Dsint16_t=int16_t, -Dmemcpy_P=memcpy, -Dmemcmp_P=memcmp, -DUSE_4K_RSA, -I$PROJECT_DIR/include, -include "sdkconfig.h", -include "esp32x_fixes.h", -Wl,--wrap=panicHandler -Wl,--wrap=xt_unhandled_exception, -Wl,--wrap=_Z11analogWritehi, -Wl,--wrap=ledcReadFreq, -Wl,--wrap=delay, -DFIRMWARE_TASMOTA32, -DOTA_URL='"http://ota.tasmota.com/tasmota32/release/tasmota32.bin"'; framework: arduino; platform: https://github.com/tasmota/platform-espressif32/releases/download/2024.07.10/platform-espressif32.zip; platform_packages: ; board_build.filesystem: littlefs; custom_unpack_dir: unpacked_littlefs; board_build.variants_dir: variants/tasmota; board: esp32; monitor_speed: 115200; monitor_echo: True; upload_resetmethod: nodemcu; check_skip_packages: True; extra_scripts: pre:pio-tools/add_c_flags.py, pre:pio-tools/solidify-from-url.py, pre:pio-tools/gen-berry-structures.py, post:pio-tools/post_esp32.py, post:pio-tools/name-firmware.py, post:pio-tools/gzip-firmware.py, post:pio-tools/metrics-firmware.py, post:pio-tools/custom_target.py, pre:pio-tools/pre_source_dir.py, pre:pio-tools/set_partition_table.py, pre:pio-tools/override_copy.py, post:pio-tools/strip-flags.py; monitor_filters: esp32_exception_decoder; build_unflags: -Wall, -Wdeprecated-declarations, -mtarget-align, -Wswitch-unreachable, -Wstringop-overflow, -Wincompatible-pointer-types, -Wnonnull-compare, -fexceptions, -fno-lto, -Wpointer-arith; lib_ldf_mode: chain; lib_compat_mode: strict; lib_extra_dirs: lib/lib_basic, lib/lib_i2c, lib/lib_ssl, lib/lib_rf, lib/libesp32; lib_ignore: HTTPUpdateServer, USB, NetBIOS, Preferences, ArduinoOTA; custom_files_upload: no_files)
--------------------------------------------------------------------------------
Nothing more to solidify
-DCONFIG_TASMOTA_FLASHMODE_DIO
*** use provided user_config_override.h as planned ***
*** use provided platformio_override.ini as planned ***
*** use provided platformio_tasmota_cenv.ini as planned ***
CONFIGURATION: https://docs.platformio.org/page/boards/espressif32/esp32.html
PLATFORM: Espressif 32 (2024.7.10) (https://github.com/tasmota/platform-espressif32/releases/download/2024.07.10/platform-espressif32.zip) > Espressif Generic ESP32 >= 4M Flash PSRAM, Tasmota 2880k Code/OTA, 320k FS
HARDWARE: ESP32 160MHz, 320KB RAM, 4MB Flash
DEBUG: Current (cmsis-dap) External (cmsis-dap, esp-bridge, esp-prog, iot-bus-jtag, jlink, minimodule, olimex-arm-usb-ocd, olimex-arm-usb-ocd-h, olimex-arm-usb-tiny-h, olimex-jtag-tiny, tumpa)
PACKAGES: 
 - framework-arduinoespressif32 @ 3.0.2+sha.a61ad66 (https://github.com/tasmota/arduino-esp32/releases/download/3.0.2.240707/framework-arduinoespressif32.zip) 
 - tool-esptoolpy @ 4.7.4 (https://github.com/tasmota/esptool/releases/download/v4.7.4/esptool.zip) 
 - tool-mklittlefs @ 3.2.0 
 - tool-riscv32-esp-elf-gdb @ 11.2.0+20220823 
 - tool-xtensa-esp-elf-gdb @ 11.2.0+20230208 
 - toolchain-xtensa-esp32 @ 12.2.0+20230208
xtensa-esp32-elf-g++ -o "C:\SW\T-1000_V2\tasmota\tasmota.ino.cpp" -x c++ -fpreprocessed -dD -E "C:\Users\pvtjo\AppData\Local\Temp\tmpmzqqttm6"
LDF: Library Dependency Finder -> https://bit.ly/configure-pio-ldf
LDF Modes: Finder ~ chain, Compatibility ~ strict
Platform incompatible library C:\SW\T-1000_V2\lib\lib_basic\NeoPixelBus
Platform incompatible library C:\SW\T-1000_V2\lib\lib_rf\cc1101
Ignored library C:\Users\pvtjo\.platformio\packages\framework-arduinoespressif32\libraries\ArduinoOTA
Ignored library C:\Users\pvtjo\.platformio\packages\framework-arduinoespressif32\libraries\HTTPUpdateServer
Ignored library C:\Users\pvtjo\.platformio\packages\framework-arduinoespressif32\libraries\NetBIOS
Ignored library C:\Users\pvtjo\.platformio\packages\framework-arduinoespressif32\libraries\Preferences
Ignored library C:\Users\pvtjo\.platformio\packages\framework-arduinoespressif32\libraries\USB
More details about "Library Compatibility Mode": https://docs.platformio.org/page/librarymanager/ldf.html#ldf-compat-mode
Found 94 compatible libraries
Scanning dependencies...
Warning! Circular dependencies detected between `C:\SW\T-1000_V2\lib\default\WiFiHelper` and `C:\SW\T-1000_V2\lib\libesp32\ESP32-to-ESP8266-compat`
Warning! Circular dependencies detected between `C:\SW\T-1000_V2\lib\libesp32\berry` and `C:\SW\T-1000_V2\lib\libesp32\berry_mapping`
Warning! Circular dependencies detected between `C:\SW\T-1000_V2\lib\libesp32\berry_custom` and `C:\SW\T-1000_V2\lib\libesp32\berry`
Warning! Circular dependencies detected between `C:\SW\T-1000_V2\lib\libesp32\berry_custom` and `C:\SW\T-1000_V2\lib\libesp32\berry_mapping`
Dependency Graph
|-- Adafruit CCS811 Library @ 1.0.0 (License: Unknown, Path: C:\SW\T-1000_V2\lib\lib_i2c\Adafruit_CCS811-1.0.0.14)
|   |-- Wire @ 2.0.0 (License: Unknown, Path: C:\Users\pvtjo\.platformio\packages\framework-arduinoespressif32\libraries\Wire)
|-- Adafruit MAX31865 library @ 1.0.1 (License: Unknown, Path: C:\SW\T-1000_V2\lib\lib_i2c\Adafruit_MAX31865-Tasmota-1.1.0)
|   |-- SPI @ 2.0.0 (License: Unknown, Path: C:\Users\pvtjo\.platformio\packages\framework-arduinoespressif32\libraries\SPI)
|-- Adafruit MCP9808 Library @ 1.1.2 (License: Unknown, Path: C:\SW\T-1000_V2\lib\lib_i2c\Adafruit_MCP9808_Tasmota)
|   |-- Wire @ 2.0.0 (License: Unknown, Path: C:\Users\pvtjo\.platformio\packages\framework-arduinoespressif32\libraries\Wire)
|-- Adafruit PM25 AQI Sensor @ 1.0.6 (License: Unknown, Path: C:\SW\T-1000_V2\lib\lib_i2c\Adafruit_PM25AQI-1.0.6)
|   |-- Adafruit BusIO @ 1.11.0 (License: Unknown, Path: C:\SW\T-1000_V2\lib\lib_i2c\Adafruit_BusIO)
|   |   |-- Wire @ 2.0.0 (License: Unknown, Path: C:\Users\pvtjo\.platformio\packages\framework-arduinoespressif32\libraries\Wire)
|   |   |-- SPI @ 2.0.0 (License: Unknown, Path: C:\Users\pvtjo\.platformio\packages\framework-arduinoespressif32\libraries\SPI)
|-- Adafruit seesaw Library @ 1.7.9 (License: Unknown, Path: C:\SW\T-1000_V2\lib\lib_i2c\Adafruit_Seesaw-1.7.9)
|   |-- Adafruit BusIO @ 1.11.0 (License: Unknown, Path: C:\SW\T-1000_V2\lib\lib_i2c\Adafruit_BusIO)
|   |   |-- Wire @ 2.0.0 (License: Unknown, Path: C:\Users\pvtjo\.platformio\packages\framework-arduinoespressif32\libraries\Wire)
|   |   |-- SPI @ 2.0.0 (License: Unknown, Path: C:\Users\pvtjo\.platformio\packages\framework-arduinoespressif32\libraries\SPI)
|   |-- Wire @ 2.0.0 (License: Unknown, Path: C:\Users\pvtjo\.platformio\packages\framework-arduinoespressif32\libraries\Wire)
|-- Adafruit SGP30 Sensor @ 1.2.0 (License: Unknown, Path: C:\SW\T-1000_V2\lib\lib_i2c\Adafruit_SGP30-1.2.0)
|   |-- Wire @ 2.0.0 (License: Unknown, Path: C:\Users\pvtjo\.platformio\packages\framework-arduinoespressif32\libraries\Wire)
|-- Adafruit SGP40 Sensor @ 1.1.0 (License: Unknown, Path: C:\SW\T-1000_V2\lib\lib_i2c\Adafruit_SGP40-1.1.0)
|   |-- Adafruit BusIO @ 1.11.0 (License: Unknown, Path: C:\SW\T-1000_V2\lib\lib_i2c\Adafruit_BusIO)
|   |   |-- Wire @ 2.0.0 (License: Unknown, Path: C:\Users\pvtjo\.platformio\packages\framework-arduinoespressif32\libraries\Wire)
|   |   |-- SPI @ 2.0.0 (License: Unknown, Path: C:\Users\pvtjo\.platformio\packages\framework-arduinoespressif32\libraries\SPI)
|-- Adafruit VEML7700 Library @ 1.0.0 (License: Unknown, Path: C:\SW\T-1000_V2\lib\lib_i2c\Adafruit_VEML7700)
|   |-- Adafruit BusIO @ 1.11.0 (License: Unknown, Path: C:\SW\T-1000_V2\lib\lib_i2c\Adafruit_BusIO)
|   |   |-- Wire @ 2.0.0 (License: Unknown, Path: C:\Users\pvtjo\.platformio\packages\framework-arduinoespressif32\libraries\Wire)
|   |   |-- SPI @ 2.0.0 (License: Unknown, Path: C:\Users\pvtjo\.platformio\packages\framework-arduinoespressif32\libraries\SPI)
|   |-- Wire @ 2.0.0 (License: Unknown, Path: C:\Users\pvtjo\.platformio\packages\framework-arduinoespressif32\libraries\Wire)
|-- AGS02MA @ 0.4.3 (License: MIT, Path: C:\SW\T-1000_V2\lib\lib_i2c\AGS02MA-0.4.3)
|   |-- Wire @ 2.0.0 (License: Unknown, Path: C:\Users\pvtjo\.platformio\packages\framework-arduinoespressif32\libraries\Wire)
|-- Berry @ 7.0 (License: MIT License, Path: C:\SW\T-1000_V2\lib\libesp32\berry)
|   |-- Berry custom template @ 0.1 (License: MIT, Path: C:\SW\T-1000_V2\lib\libesp32\berry_custom)
|   |-- re1.5 @ 0.9 (License: Unknown, Path: C:\SW\T-1000_V2\lib\libesp32\re1.5)
|-- Berry Animation Framework @ 1.0.0 (License: MIT, Path: C:\SW\T-1000_V2\lib\libesp32\berry_animation)
|   |-- Berry @ 7.0 (License: MIT License, Path: C:\SW\T-1000_V2\lib\libesp32\berry)
|   |   |-- Berry custom template @ 0.1 (License: MIT, Path: C:\SW\T-1000_V2\lib\libesp32\berry_custom)
|   |   |-- re1.5 @ 0.9 (License: Unknown, Path: C:\SW\T-1000_V2\lib\libesp32\re1.5)
|   |-- Berry mapping to C @ 1.0 (License: MIT, Path: C:\SW\T-1000_V2\lib\libesp32\berry_mapping)
|   |   |-- Berry @ 7.0 (License: MIT License, Path: C:\SW\T-1000_V2\lib\libesp32\berry)
|   |   |   |-- Berry custom template @ 0.1 (License: MIT, Path: C:\SW\T-1000_V2\lib\libesp32\berry_custom)
|   |   |   |-- re1.5 @ 0.9 (License: Unknown, Path: C:\SW\T-1000_V2\lib\libesp32\re1.5)
|-- Berry custom template @ 0.1 (License: MIT, Path: C:\SW\T-1000_V2\lib\libesp32\berry_custom)
|-- Berry Matter protocol implementation @ 0.1 (License: MIT, Path: C:\SW\T-1000_V2\lib\libesp32\berry_matter)
|   |-- Berry @ 7.0 (License: MIT License, Path: C:\SW\T-1000_V2\lib\libesp32\berry)
|   |   |-- Berry custom template @ 0.1 (License: MIT, Path: C:\SW\T-1000_V2\lib\libesp32\berry_custom)
|   |   |-- re1.5 @ 0.9 (License: Unknown, Path: C:\SW\T-1000_V2\lib\libesp32\re1.5)
|   |-- Berry mapping to C @ 1.0 (License: MIT, Path: C:\SW\T-1000_V2\lib\libesp32\berry_mapping)
|   |   |-- Berry @ 7.0 (License: MIT License, Path: C:\SW\T-1000_V2\lib\libesp32\berry)
|   |   |   |-- Berry custom template @ 0.1 (License: MIT, Path: C:\SW\T-1000_V2\lib\libesp32\berry_custom)
|   |   |   |-- re1.5 @ 0.9 (License: Unknown, Path: C:\SW\T-1000_V2\lib\libesp32\re1.5)
|-- Berry Tasmota mapping @ 1.0 (License: MIT, Path: C:\SW\T-1000_V2\lib\libesp32\berry_tasmota)
|   |-- Berry @ 7.0 (License: MIT License, Path: C:\SW\T-1000_V2\lib\libesp32\berry)
|   |   |-- Berry custom template @ 0.1 (License: MIT, Path: C:\SW\T-1000_V2\lib\libesp32\berry_custom)
|   |   |-- re1.5 @ 0.9 (License: Unknown, Path: C:\SW\T-1000_V2\lib\libesp32\re1.5)
|   |-- Berry mapping to C @ 1.0 (License: MIT, Path: C:\SW\T-1000_V2\lib\libesp32\berry_mapping)
|   |   |-- Berry @ 7.0 (License: MIT License, Path: C:\SW\T-1000_V2\lib\libesp32\berry)
|   |   |   |-- Berry custom template @ 0.1 (License: MIT, Path: C:\SW\T-1000_V2\lib\libesp32\berry_custom)
|   |   |   |-- re1.5 @ 0.9 (License: Unknown, Path: C:\SW\T-1000_V2\lib\libesp32\re1.5)
|   |-- ccronexpr (License: Unknown, Path: C:\SW\T-1000_V2\lib\libesp32\ccronexpr)
|   |-- TasmotaLED @ 0.1 (License: Unknown, Path: C:\SW\T-1000_V2\lib\lib_basic\TasmotaLED)
|   |-- Zip-readonly-FS @ 1.0 (License: MIT, Path: C:\SW\T-1000_V2\lib\libesp32\Zip-readonly-FS)
|   |   |-- FS @ 2.0.0 (License: Unknown, Path: C:\Users\pvtjo\.platformio\packages\framework-arduinoespressif32\libraries\FS)
|   |   |-- TasmotaLList @ 1.0 (License: MIT, Path: C:\SW\T-1000_V2\lib\default\TasmotaLList)
|   |-- FS @ 2.0.0 (License: Unknown, Path: C:\Users\pvtjo\.platformio\packages\framework-arduinoespressif32\libraries\FS)
|   |-- LittleFS @ 2.0.0 (License: Unknown, Path: C:\Users\pvtjo\.platformio\packages\framework-arduinoespressif32\libraries\LittleFS)
|   |   |-- FS @ 2.0.0 (License: Unknown, Path: C:\Users\pvtjo\.platformio\packages\framework-arduinoespressif32\libraries\FS)
|-- Berry int64 implementation for 32 bits architecture @ 1.1 (License: MIT, Path: C:\SW\T-1000_V2\lib\libesp32\berry_int64)
|   |-- Berry @ 7.0 (License: MIT License, Path: C:\SW\T-1000_V2\lib\libesp32\berry)
|   |   |-- Berry custom template @ 0.1 (License: MIT, Path: C:\SW\T-1000_V2\lib\libesp32\berry_custom)
|   |   |-- re1.5 @ 0.9 (License: Unknown, Path: C:\SW\T-1000_V2\lib\libesp32\re1.5)
|   |-- Berry mapping to C @ 1.0 (License: MIT, Path: C:\SW\T-1000_V2\lib\libesp32\berry_mapping)
|   |   |-- Berry @ 7.0 (License: MIT License, Path: C:\SW\T-1000_V2\lib\libesp32\berry)
|   |   |   |-- Berry custom template @ 0.1 (License: MIT, Path: C:\SW\T-1000_V2\lib\libesp32\berry_custom)
|   |   |   |-- re1.5 @ 0.9 (License: Unknown, Path: C:\SW\T-1000_V2\lib\libesp32\re1.5)
|-- Berry mapping to C @ 1.0 (License: MIT, Path: C:\SW\T-1000_V2\lib\libesp32\berry_mapping)
|   |-- Berry @ 7.0 (License: MIT License, Path: C:\SW\T-1000_V2\lib\libesp32\berry)
|   |   |-- Berry custom template @ 0.1 (License: MIT, Path: C:\SW\T-1000_V2\lib\libesp32\berry_custom)
|   |   |-- re1.5 @ 0.9 (License: Unknown, Path: C:\SW\T-1000_V2\lib\libesp32\re1.5)
|-- BME8563 (License: Unknown, Path: C:\SW\T-1000_V2\lib\lib_i2c\BM8563)
|   |-- Wire @ 2.0.0 (License: Unknown, Path: C:\Users\pvtjo\.platformio\packages\framework-arduinoespressif32\libraries\Wire)
|-- headers (License: Unknown, Path: C:\SW\T-1000_V2\lib\default\headers)
|   |-- ESP32-to-ESP8266-compat @ 0.0.2 (License: Unknown, Path: C:\SW\T-1000_V2\lib\libesp32\ESP32-to-ESP8266-compat)
|   |   |-- WebServer @ 2.0.0 (License: Unknown, Path: C:\Users\pvtjo\.platformio\packages\framework-arduinoespressif32\libraries\WebServer)
|   |   |   |-- FS @ 2.0.0 (License: Unknown, Path: C:\Users\pvtjo\.platformio\packages\framework-arduinoespressif32\libraries\FS)
|   |   |   |-- Networking @ 1.0.0 (License: Unknown, Path: C:\Users\pvtjo\.platformio\packages\framework-arduinoespressif32\libraries\Network)
|   |   |-- WiFiHelper @ 1.0.0 (License: Unknown, Path: C:\SW\T-1000_V2\lib\default\WiFiHelper)
|   |   |   |-- WiFi @ 2.0.0 (License: Unknown, Path: C:\Users\pvtjo\.platformio\packages\framework-arduinoespressif32\libraries\WiFi)
|   |   |   |   |-- Networking @ 1.0.0 (License: Unknown, Path: C:\Users\pvtjo\.platformio\packages\framework-arduinoespressif32\libraries\Network)
|   |   |-- HTTPClient @ 2.0.0 (License: Unknown, Path: C:\Users\pvtjo\.platformio\packages\framework-arduinoespressif32\libraries\HTTPClient)
|   |   |   |-- Networking @ 1.0.0 (License: Unknown, Path: C:\Users\pvtjo\.platformio\packages\framework-arduinoespressif32\libraries\Network)
|   |   |-- HTTPUpdate @ 2.0.0 (License: Unknown, Path: C:\Users\pvtjo\.platformio\packages\framework-arduinoespressif32\libraries\HTTPUpdate)
|   |   |   |-- HTTPClient @ 2.0.0 (License: Unknown, Path: C:\Users\pvtjo\.platformio\packages\framework-arduinoespressif32\libraries\HTTPClient)
|   |   |   |   |-- Networking @ 1.0.0 (License: Unknown, Path: C:\Users\pvtjo\.platformio\packages\framework-arduinoespressif32\libraries\Network)
|   |   |   |-- Networking @ 1.0.0 (License: Unknown, Path: C:\Users\pvtjo\.platformio\packages\framework-arduinoespressif32\libraries\Network)
|   |   |   |-- Update @ 2.0.0 (License: Unknown, Path: C:\Users\pvtjo\.platformio\packages\framework-arduinoespressif32\libraries\Update)
|   |   |   |-- WiFi @ 2.0.0 (License: Unknown, Path: C:\Users\pvtjo\.platformio\packages\framework-arduinoespressif32\libraries\WiFi)
|   |   |   |   |-- Networking @ 1.0.0 (License: Unknown, Path: C:\Users\pvtjo\.platformio\packages\framework-arduinoespressif32\libraries\Network)
|   |   |-- ESPmDNS @ 2.0.0 (License: Unknown, Path: C:\Users\pvtjo\.platformio\packages\framework-arduinoespressif32\libraries\ESPmDNS)
|   |-- WiFi @ 2.0.0 (License: Unknown, Path: C:\Users\pvtjo\.platformio\packages\framework-arduinoespressif32\libraries\WiFi)
|   |   |-- Networking @ 1.0.0 (License: Unknown, Path: C:\Users\pvtjo\.platformio\packages\framework-arduinoespressif32\libraries\Network)
|-- ccronexpr (License: Unknown, Path: C:\SW\T-1000_V2\lib\libesp32\ccronexpr)
|-- esp_wireguard_tasmota @ 0.4.2 (License: BSD-3-Clause, Path: C:\SW\T-1000_V2\lib\lib_ssl\esp_wireguard-Tasmota)
|   |-- WiFiHelper @ 1.0.0 (License: Unknown, Path: C:\SW\T-1000_V2\lib\default\WiFiHelper)
|   |   |-- WiFi @ 2.0.0 (License: Unknown, Path: C:\Users\pvtjo\.platformio\packages\framework-arduinoespressif32\libraries\WiFi)
|   |   |   |-- Networking @ 1.0.0 (License: Unknown, Path: C:\Users\pvtjo\.platformio\packages\framework-arduinoespressif32\libraries\Network)
|   |-- BearSSL @ 0.6 (License: Unknown, Path: C:\SW\T-1000_V2\lib\lib_ssl\bearssl-esp8266)
|-- WebServer @ 2.0.0 (License: Unknown, Path: C:\Users\pvtjo\.platformio\packages\framework-arduinoespressif32\libraries\WebServer)
|   |-- FS @ 2.0.0 (License: Unknown, Path: C:\Users\pvtjo\.platformio\packages\framework-arduinoespressif32\libraries\FS)
|   |-- Networking @ 1.0.0 (License: Unknown, Path: C:\Users\pvtjo\.platformio\packages\framework-arduinoespressif32\libraries\Network)
|-- EEPROM 24C128_256_521 (License: Unknown, Path: C:\SW\T-1000_V2\lib\default\AT24C256_512)
|   |-- Wire @ 2.0.0 (License: Unknown, Path: C:\Users\pvtjo\.platformio\packages\framework-arduinoespressif32\libraries\Wire)
|-- ESP32-to-ESP8266-compat @ 0.0.2 (License: Unknown, Path: C:\SW\T-1000_V2\lib\libesp32\ESP32-to-ESP8266-compat)
|   |-- WebServer @ 2.0.0 (License: Unknown, Path: C:\Users\pvtjo\.platformio\packages\framework-arduinoespressif32\libraries\WebServer)
|   |   |-- FS @ 2.0.0 (License: Unknown, Path: C:\Users\pvtjo\.platformio\packages\framework-arduinoespressif32\libraries\FS)
|   |   |-- Networking @ 1.0.0 (License: Unknown, Path: C:\Users\pvtjo\.platformio\packages\framework-arduinoespressif32\libraries\Network)
|   |-- WiFiHelper @ 1.0.0 (License: Unknown, Path: C:\SW\T-1000_V2\lib\default\WiFiHelper)
|   |   |-- WiFi @ 2.0.0 (License: Unknown, Path: C:\Users\pvtjo\.platformio\packages\framework-arduinoespressif32\libraries\WiFi)
|   |   |   |-- Networking @ 1.0.0 (License: Unknown, Path: C:\Users\pvtjo\.platformio\packages\framework-arduinoespressif32\libraries\Network)
|   |-- HTTPClient @ 2.0.0 (License: Unknown, Path: C:\Users\pvtjo\.platformio\packages\framework-arduinoespressif32\libraries\HTTPClient)
|   |   |-- Networking @ 1.0.0 (License: Unknown, Path: C:\Users\pvtjo\.platformio\packages\framework-arduinoespressif32\libraries\Network)
|   |-- HTTPUpdate @ 2.0.0 (License: Unknown, Path: C:\Users\pvtjo\.platformio\packages\framework-arduinoespressif32\libraries\HTTPUpdate)
|   |   |-- HTTPClient @ 2.0.0 (License: Unknown, Path: C:\Users\pvtjo\.platformio\packages\framework-arduinoespressif32\libraries\HTTPClient)
|   |   |   |-- Networking @ 1.0.0 (License: Unknown, Path: C:\Users\pvtjo\.platformio\packages\framework-arduinoespressif32\libraries\Network)
|   |   |-- Networking @ 1.0.0 (License: Unknown, Path: C:\Users\pvtjo\.platformio\packages\framework-arduinoespressif32\libraries\Network)
|   |   |-- Update @ 2.0.0 (License: Unknown, Path: C:\Users\pvtjo\.platformio\packages\framework-arduinoespressif32\libraries\Update)
|   |   |-- WiFi @ 2.0.0 (License: Unknown, Path: C:\Users\pvtjo\.platformio\packages\framework-arduinoespressif32\libraries\WiFi)
|   |   |   |-- Networking @ 1.0.0 (License: Unknown, Path: C:\Users\pvtjo\.platformio\packages\framework-arduinoespressif32\libraries\Network)
|   |-- ESPmDNS @ 2.0.0 (License: Unknown, Path: C:\Users\pvtjo\.platformio\packages\framework-arduinoespressif32\libraries\ESPmDNS)
|-- FFat @ 2.0.0 (License: Unknown, Path: C:\Users\pvtjo\.platformio\packages\framework-arduinoespressif32\libraries\FFat)
|   |-- FS @ 2.0.0 (License: Unknown, Path: C:\Users\pvtjo\.platformio\packages\framework-arduinoespressif32\libraries\FS)
|-- FS @ 2.0.0 (License: Unknown, Path: C:\Users\pvtjo\.platformio\packages\framework-arduinoespressif32\libraries\FS)
|-- HttpClient light @ 1.0 (License: MIT, Path: C:\SW\T-1000_V2\lib\libesp32\HttpClientLight)
|   |-- HTTPClient @ 2.0.0 (License: Unknown, Path: C:\Users\pvtjo\.platformio\packages\framework-arduinoespressif32\libraries\HTTPClient)
|   |   |-- Networking @ 1.0.0 (License: Unknown, Path: C:\Users\pvtjo\.platformio\packages\framework-arduinoespressif32\libraries\Network)
|   |-- WiFi @ 2.0.0 (License: Unknown, Path: C:\Users\pvtjo\.platformio\packages\framework-arduinoespressif32\libraries\WiFi)
|   |   |-- Networking @ 1.0.0 (License: Unknown, Path: C:\Users\pvtjo\.platformio\packages\framework-arduinoespressif32\libraries\Network)
|   |-- ESP32-to-ESP8266-compat @ 0.0.2 (License: Unknown, Path: C:\SW\T-1000_V2\lib\libesp32\ESP32-to-ESP8266-compat)
|   |   |-- WebServer @ 2.0.0 (License: Unknown, Path: C:\Users\pvtjo\.platformio\packages\framework-arduinoespressif32\libraries\WebServer)
|   |   |   |-- FS @ 2.0.0 (License: Unknown, Path: C:\Users\pvtjo\.platformio\packages\framework-arduinoespressif32\libraries\FS)
|   |   |   |-- Networking @ 1.0.0 (License: Unknown, Path: C:\Users\pvtjo\.platformio\packages\framework-arduinoespressif32\libraries\Network)
|   |   |-- WiFiHelper @ 1.0.0 (License: Unknown, Path: C:\SW\T-1000_V2\lib\default\WiFiHelper)
|   |   |   |-- WiFi @ 2.0.0 (License: Unknown, Path: C:\Users\pvtjo\.platformio\packages\framework-arduinoespressif32\libraries\WiFi)
|   |   |   |   |-- Networking @ 1.0.0 (License: Unknown, Path: C:\Users\pvtjo\.platformio\packages\framework-arduinoespressif32\libraries\Network)
|   |   |-- HTTPClient @ 2.0.0 (License: Unknown, Path: C:\Users\pvtjo\.platformio\packages\framework-arduinoespressif32\libraries\HTTPClient)
|   |   |   |-- Networking @ 1.0.0 (License: Unknown, Path: C:\Users\pvtjo\.platformio\packages\framework-arduinoespressif32\libraries\Network)
|   |   |-- HTTPUpdate @ 2.0.0 (License: Unknown, Path: C:\Users\pvtjo\.platformio\packages\framework-arduinoespressif32\libraries\HTTPUpdate)
|   |   |   |-- HTTPClient @ 2.0.0 (License: Unknown, Path: C:\Users\pvtjo\.platformio\packages\framework-arduinoespressif32\libraries\HTTPClient)
|   |   |   |   |-- Networking @ 1.0.0 (License: Unknown, Path: C:\Users\pvtjo\.platformio\packages\framework-arduinoespressif32\libraries\Network)
|   |   |   |-- Networking @ 1.0.0 (License: Unknown, Path: C:\Users\pvtjo\.platformio\packages\framework-arduinoespressif32\libraries\Network)
|   |   |   |-- Update @ 2.0.0 (License: Unknown, Path: C:\Users\pvtjo\.platformio\packages\framework-arduinoespressif32\libraries\Update)
|   |   |   |-- WiFi @ 2.0.0 (License: Unknown, Path: C:\Users\pvtjo\.platformio\packages\framework-arduinoespressif32\libraries\WiFi)
|   |   |   |   |-- Networking @ 1.0.0 (License: Unknown, Path: C:\Users\pvtjo\.platformio\packages\framework-arduinoespressif32\libraries\Network)
|   |   |-- ESPmDNS @ 2.0.0 (License: Unknown, Path: C:\Users\pvtjo\.platformio\packages\framework-arduinoespressif32\libraries\ESPmDNS)
|   |-- TLS mini client derived from Arduino @ 1.0 (License: MIT, Path: C:\SW\T-1000_V2\lib\lib_ssl\tls_mini)
|   |   |-- WiFi @ 2.0.0 (License: Unknown, Path: C:\Users\pvtjo\.platformio\packages\framework-arduinoespressif32\libraries\WiFi)
|   |   |   |-- Networking @ 1.0.0 (License: Unknown, Path: C:\Users\pvtjo\.platformio\packages\framework-arduinoespressif32\libraries\Network)
|   |   |-- BearSSL @ 0.6 (License: Unknown, Path: C:\SW\T-1000_V2\lib\lib_ssl\bearssl-esp8266)
|   |   |-- ESP32-to-ESP8266-compat @ 0.0.2 (License: Unknown, Path: C:\SW\T-1000_V2\lib\libesp32\ESP32-to-ESP8266-compat)
|   |   |   |-- WebServer @ 2.0.0 (License: Unknown, Path: C:\Users\pvtjo\.platformio\packages\framework-arduinoespressif32\libraries\WebServer)
|   |   |   |   |-- FS @ 2.0.0 (License: Unknown, Path: C:\Users\pvtjo\.platformio\packages\framework-arduinoespressif32\libraries\FS)
|   |   |   |   |-- Networking @ 1.0.0 (License: Unknown, Path: C:\Users\pvtjo\.platformio\packages\framework-arduinoespressif32\libraries\Network)
|   |   |   |-- WiFiHelper @ 1.0.0 (License: Unknown, Path: C:\SW\T-1000_V2\lib\default\WiFiHelper)
|   |   |   |   |-- WiFi @ 2.0.0 (License: Unknown, Path: C:\Users\pvtjo\.platformio\packages\framework-arduinoespressif32\libraries\WiFi)
|   |   |   |   |   |-- Networking @ 1.0.0 (License: Unknown, Path: C:\Users\pvtjo\.platformio\packages\framework-arduinoespressif32\libraries\Network)
|   |   |   |-- HTTPClient @ 2.0.0 (License: Unknown, Path: C:\Users\pvtjo\.platformio\packages\framework-arduinoespressif32\libraries\HTTPClient)
|   |   |   |   |-- Networking @ 1.0.0 (License: Unknown, Path: C:\Users\pvtjo\.platformio\packages\framework-arduinoespressif32\libraries\Network)
|   |   |   |-- HTTPUpdate @ 2.0.0 (License: Unknown, Path: C:\Users\pvtjo\.platformio\packages\framework-arduinoespressif32\libraries\HTTPUpdate)
|   |   |   |   |-- HTTPClient @ 2.0.0 (License: Unknown, Path: C:\Users\pvtjo\.platformio\packages\framework-arduinoespressif32\libraries\HTTPClient)
|   |   |   |   |   |-- Networking @ 1.0.0 (License: Unknown, Path: C:\Users\pvtjo\.platformio\packages\framework-arduinoespressif32\libraries\Network)
|   |   |   |   |-- Networking @ 1.0.0 (License: Unknown, Path: C:\Users\pvtjo\.platformio\packages\framework-arduinoespressif32\libraries\Network)
|   |   |   |   |-- Update @ 2.0.0 (License: Unknown, Path: C:\Users\pvtjo\.platformio\packages\framework-arduinoespressif32\libraries\Update)
|   |   |   |   |-- WiFi @ 2.0.0 (License: Unknown, Path: C:\Users\pvtjo\.platformio\packages\framework-arduinoespressif32\libraries\WiFi)
|   |   |   |   |   |-- Networking @ 1.0.0 (License: Unknown, Path: C:\Users\pvtjo\.platformio\packages\framework-arduinoespressif32\libraries\Network)
|   |   |   |-- ESPmDNS @ 2.0.0 (License: Unknown, Path: C:\Users\pvtjo\.platformio\packages\framework-arduinoespressif32\libraries\ESPmDNS)
|   |   |-- WiFiHelper @ 1.0.0 (License: Unknown, Path: C:\SW\T-1000_V2\lib\default\WiFiHelper)
|   |   |   |-- WiFi @ 2.0.0 (License: Unknown, Path: C:\Users\pvtjo\.platformio\packages\framework-arduinoespressif32\libraries\WiFi)
|   |   |   |   |-- Networking @ 1.0.0 (License: Unknown, Path: C:\Users\pvtjo\.platformio\packages\framework-arduinoespressif32\libraries\Network)
|   |-- HTTPUpdate @ 2.0.0 (License: Unknown, Path: C:\Users\pvtjo\.platformio\packages\framework-arduinoespressif32\libraries\HTTPUpdate)
|   |   |-- HTTPClient @ 2.0.0 (License: Unknown, Path: C:\Users\pvtjo\.platformio\packages\framework-arduinoespressif32\libraries\HTTPClient)
|   |   |   |-- Networking @ 1.0.0 (License: Unknown, Path: C:\Users\pvtjo\.platformio\packages\framework-arduinoespressif32\libraries\Network)
|   |   |-- Networking @ 1.0.0 (License: Unknown, Path: C:\Users\pvtjo\.platformio\packages\framework-arduinoespressif32\libraries\Network)
|   |   |-- Update @ 2.0.0 (License: Unknown, Path: C:\Users\pvtjo\.platformio\packages\framework-arduinoespressif32\libraries\Update)
|   |   |-- WiFi @ 2.0.0 (License: Unknown, Path: C:\Users\pvtjo\.platformio\packages\framework-arduinoespressif32\libraries\WiFi)
|   |   |   |-- Networking @ 1.0.0 (License: Unknown, Path: C:\Users\pvtjo\.platformio\packages\framework-arduinoespressif32\libraries\Network)
|   |-- WiFiHelper @ 1.0.0 (License: Unknown, Path: C:\SW\T-1000_V2\lib\default\WiFiHelper)
|   |   |-- WiFi @ 2.0.0 (License: Unknown, Path: C:\Users\pvtjo\.platformio\packages\framework-arduinoespressif32\libraries\WiFi)
|   |   |   |-- Networking @ 1.0.0 (License: Unknown, Path: C:\Users\pvtjo\.platformio\packages\framework-arduinoespressif32\libraries\Network)
|-- I2Cdevlib-Core (License: Unknown, Path: C:\SW\T-1000_V2\lib\lib_i2c\I2Cdevlib-Core)
|   |-- Wire @ 2.0.0 (License: Unknown, Path: C:\Users\pvtjo\.platformio\packages\framework-arduinoespressif32\libraries\Wire)
|-- IniFile @ 1.3.0+tasmota (License: Unknown, Path: C:\SW\T-1000_V2\lib\lib_ssl\IniFile-Tasmota)
|   |-- FS @ 2.0.0 (License: Unknown, Path: C:\Users\pvtjo\.platformio\packages\framework-arduinoespressif32\libraries\FS)
|   |-- base64 @ 1.1.1 (License: Unknown, Path: C:\SW\T-1000_V2\lib\default\base64-1.1.1)
|-- JPEGDEC @ 1.8.4 (License: Apache License 2.0, Path: C:\SW\T-1000_V2\lib\libesp32\JPEGDEC)
|   |-- FS @ 2.0.0 (License: Unknown, Path: C:\Users\pvtjo\.platformio\packages\framework-arduinoespressif32\libraries\FS)
|-- TasmotaLList @ 1.0 (License: MIT, Path: C:\SW\T-1000_V2\lib\default\TasmotaLList)
|-- MPU6050 I2C (License: Unknown, Path: C:\SW\T-1000_V2\lib\lib_i2c\I2Cdevlib-MPU6050)
|   |-- I2Cdevlib-Core (License: Unknown, Path: C:\SW\T-1000_V2\lib\lib_i2c\I2Cdevlib-Core)
|   |   |-- Wire @ 2.0.0 (License: Unknown, Path: C:\Users\pvtjo\.platformio\packages\framework-arduinoespressif32\libraries\Wire)
|-- Mutichannel_Gas_Sensor @ 0.0.1 (License: Unknown, Path: C:\SW\T-1000_V2\lib\lib_i2c\Mutichannel_Gas_Sensor)
|   |-- Wire @ 2.0.0 (License: Unknown, Path: C:\Users\pvtjo\.platformio\packages\framework-arduinoespressif32\libraries\Wire)
|-- re1.5 @ 0.9 (License: Unknown, Path: C:\SW\T-1000_V2\lib\libesp32\re1.5)
|-- ScioSense ENS16x @ 8.0.0 (License: Unknown, Path: C:\SW\T-1000_V2\lib\lib_i2c\ScioSense_ENS16x)
|   |-- Wire @ 2.0.0 (License: Unknown, Path: C:\Users\pvtjo\.platformio\packages\framework-arduinoespressif32\libraries\Wire)
|-- ScioSense ENS210 @ 3.0.0 (License: Unknown, Path: C:\SW\T-1000_V2\lib\lib_i2c\ScioSense_ENS210)
|   |-- Wire @ 2.0.0 (License: Unknown, Path: C:\Users\pvtjo\.platformio\packages\framework-arduinoespressif32\libraries\Wire)
|-- Sensirion I2C SGP41 @ 0.1.0 (License: Unknown, Path: C:\SW\T-1000_V2\lib\lib_i2c\arduino-i2c-sgp41)
|   |-- Sensirion Core @ 0.6.0 (License: Unknown, Path: C:\SW\T-1000_V2\lib\lib_i2c\Sensirion_Core)
|   |   |-- Wire @ 2.0.0 (License: Unknown, Path: C:\Users\pvtjo\.platformio\packages\framework-arduinoespressif32\libraries\Wire)
|   |-- Wire @ 2.0.0 (License: Unknown, Path: C:\Users\pvtjo\.platformio\packages\framework-arduinoespressif32\libraries\Wire)
|-- SPL06-007 @ 0.1.0 (License: Unknown, Path: C:\SW\T-1000_V2\lib\lib_i2c\SPL06_007)
|   |-- Wire @ 2.0.0 (License: Unknown, Path: C:\Users\pvtjo\.platformio\packages\framework-arduinoespressif32\libraries\Wire)
|-- ESP Mail Client @ 3.4.9 (License: Unknown, Path: C:\SW\T-1000_V2\lib\libesp32\ESP-Mail-Client)
|   |-- Update @ 2.0.0 (License: Unknown, Path: C:\Users\pvtjo\.platformio\packages\framework-arduinoespressif32\libraries\Update)
|   |-- LittleFS @ 2.0.0 (License: Unknown, Path: C:\Users\pvtjo\.platformio\packages\framework-arduinoespressif32\libraries\LittleFS)
|   |   |-- FS @ 2.0.0 (License: Unknown, Path: C:\Users\pvtjo\.platformio\packages\framework-arduinoespressif32\libraries\FS)
|   |-- SD @ 2.0.0 (License: Unknown, Path: C:\Users\pvtjo\.platformio\packages\framework-arduinoespressif32\libraries\SD)
|   |   |-- FS @ 2.0.0 (License: Unknown, Path: C:\Users\pvtjo\.platformio\packages\framework-arduinoespressif32\libraries\FS)
|   |   |-- SPI @ 2.0.0 (License: Unknown, Path: C:\Users\pvtjo\.platformio\packages\framework-arduinoespressif32\libraries\SPI)
|   |-- ESP32-to-ESP8266-compat @ 0.0.2 (License: Unknown, Path: C:\SW\T-1000_V2\lib\libesp32\ESP32-to-ESP8266-compat)
|   |   |-- WebServer @ 2.0.0 (License: Unknown, Path: C:\Users\pvtjo\.platformio\packages\framework-arduinoespressif32\libraries\WebServer)
|   |   |   |-- FS @ 2.0.0 (License: Unknown, Path: C:\Users\pvtjo\.platformio\packages\framework-arduinoespressif32\libraries\FS)
|   |   |   |-- Networking @ 1.0.0 (License: Unknown, Path: C:\Users\pvtjo\.platformio\packages\framework-arduinoespressif32\libraries\Network)
|   |   |-- WiFiHelper @ 1.0.0 (License: Unknown, Path: C:\SW\T-1000_V2\lib\default\WiFiHelper)
|   |   |   |-- WiFi @ 2.0.0 (License: Unknown, Path: C:\Users\pvtjo\.platformio\packages\framework-arduinoespressif32\libraries\WiFi)
|   |   |   |   |-- Networking @ 1.0.0 (License: Unknown, Path: C:\Users\pvtjo\.platformio\packages\framework-arduinoespressif32\libraries\Network)
|   |   |-- HTTPClient @ 2.0.0 (License: Unknown, Path: C:\Users\pvtjo\.platformio\packages\framework-arduinoespressif32\libraries\HTTPClient)
|   |   |   |-- Networking @ 1.0.0 (License: Unknown, Path: C:\Users\pvtjo\.platformio\packages\framework-arduinoespressif32\libraries\Network)
|   |   |-- HTTPUpdate @ 2.0.0 (License: Unknown, Path: C:\Users\pvtjo\.platformio\packages\framework-arduinoespressif32\libraries\HTTPUpdate)
|   |   |   |-- HTTPClient @ 2.0.0 (License: Unknown, Path: C:\Users\pvtjo\.platformio\packages\framework-arduinoespressif32\libraries\HTTPClient)
|   |   |   |   |-- Networking @ 1.0.0 (License: Unknown, Path: C:\Users\pvtjo\.platformio\packages\framework-arduinoespressif32\libraries\Network)
|   |   |   |-- Networking @ 1.0.0 (License: Unknown, Path: C:\Users\pvtjo\.platformio\packages\framework-arduinoespressif32\libraries\Network)
|   |   |   |-- Update @ 2.0.0 (License: Unknown, Path: C:\Users\pvtjo\.platformio\packages\framework-arduinoespressif32\libraries\Update)
|   |   |   |-- WiFi @ 2.0.0 (License: Unknown, Path: C:\Users\pvtjo\.platformio\packages\framework-arduinoespressif32\libraries\WiFi)
|   |   |   |   |-- Networking @ 1.0.0 (License: Unknown, Path: C:\Users\pvtjo\.platformio\packages\framework-arduinoespressif32\libraries\Network)
|   |   |-- ESPmDNS @ 2.0.0 (License: Unknown, Path: C:\Users\pvtjo\.platformio\packages\framework-arduinoespressif32\libraries\ESPmDNS)
|   |-- WiFi @ 2.0.0 (License: Unknown, Path: C:\Users\pvtjo\.platformio\packages\framework-arduinoespressif32\libraries\WiFi)
|   |   |-- Networking @ 1.0.0 (License: Unknown, Path: C:\Users\pvtjo\.platformio\packages\framework-arduinoespressif32\libraries\Network)
|   |-- FS @ 2.0.0 (License: Unknown, Path: C:\Users\pvtjo\.platformio\packages\framework-arduinoespressif32\libraries\FS)
|   |-- Ethernet @ 2.0.0 (License: Unknown, Path: C:\Users\pvtjo\.platformio\packages\framework-arduinoespressif32\libraries\Ethernet)
|   |   |-- Networking @ 1.0.0 (License: Unknown, Path: C:\Users\pvtjo\.platformio\packages\framework-arduinoespressif32\libraries\Network)
|   |   |-- SPI @ 2.0.0 (License: Unknown, Path: C:\Users\pvtjo\.platformio\packages\framework-arduinoespressif32\libraries\SPI)
|-- TasmotaLED @ 0.1 (License: Unknown, Path: C:\SW\T-1000_V2\lib\lib_basic\TasmotaLED)
|-- UdpListener @ 1.0 (License: Unknown, Path: C:\SW\T-1000_V2\lib\default\UdpListener)
|-- Unishox (De)Compressor @ 1.0 (License: Unknown, Path: C:\SW\T-1000_V2\lib\default\Unishox-Tasmota-1.0)
|-- VL53L0X @ 1.0.2 (License: Unknown, Path: C:\SW\T-1000_V2\lib\lib_i2c\vl53l0x-arduino-1.02)
|   |-- Wire @ 2.0.0 (License: Unknown, Path: C:\Users\pvtjo\.platformio\packages\framework-arduinoespressif32\libraries\Wire)
|-- VL53L1X @ 1.0.1 (License: Unknown, Path: C:\SW\T-1000_V2\lib\lib_i2c\vl53l1x-arduino-1.01)
|   |-- Wire @ 2.0.0 (License: Unknown, Path: C:\Users\pvtjo\.platformio\packages\framework-arduinoespressif32\libraries\Wire)
|-- TLS mini client derived from Arduino @ 1.0 (License: MIT, Path: C:\SW\T-1000_V2\lib\lib_ssl\tls_mini)
|   |-- WiFi @ 2.0.0 (License: Unknown, Path: C:\Users\pvtjo\.platformio\packages\framework-arduinoespressif32\libraries\WiFi)
|   |   |-- Networking @ 1.0.0 (License: Unknown, Path: C:\Users\pvtjo\.platformio\packages\framework-arduinoespressif32\libraries\Network)
|   |-- BearSSL @ 0.6 (License: Unknown, Path: C:\SW\T-1000_V2\lib\lib_ssl\bearssl-esp8266)
|   |-- ESP32-to-ESP8266-compat @ 0.0.2 (License: Unknown, Path: C:\SW\T-1000_V2\lib\libesp32\ESP32-to-ESP8266-compat)
|   |   |-- WebServer @ 2.0.0 (License: Unknown, Path: C:\Users\pvtjo\.platformio\packages\framework-arduinoespressif32\libraries\WebServer)
|   |   |   |-- FS @ 2.0.0 (License: Unknown, Path: C:\Users\pvtjo\.platformio\packages\framework-arduinoespressif32\libraries\FS)
|   |   |   |-- Networking @ 1.0.0 (License: Unknown, Path: C:\Users\pvtjo\.platformio\packages\framework-arduinoespressif32\libraries\Network)
|   |   |-- WiFiHelper @ 1.0.0 (License: Unknown, Path: C:\SW\T-1000_V2\lib\default\WiFiHelper)
|   |   |   |-- WiFi @ 2.0.0 (License: Unknown, Path: C:\Users\pvtjo\.platformio\packages\framework-arduinoespressif32\libraries\WiFi)
|   |   |   |   |-- Networking @ 1.0.0 (License: Unknown, Path: C:\Users\pvtjo\.platformio\packages\framework-arduinoespressif32\libraries\Network)
|   |   |-- HTTPClient @ 2.0.0 (License: Unknown, Path: C:\Users\pvtjo\.platformio\packages\framework-arduinoespressif32\libraries\HTTPClient)
|   |   |   |-- Networking @ 1.0.0 (License: Unknown, Path: C:\Users\pvtjo\.platformio\packages\framework-arduinoespressif32\libraries\Network)
|   |   |-- HTTPUpdate @ 2.0.0 (License: Unknown, Path: C:\Users\pvtjo\.platformio\packages\framework-arduinoespressif32\libraries\HTTPUpdate)
|   |   |   |-- HTTPClient @ 2.0.0 (License: Unknown, Path: C:\Users\pvtjo\.platformio\packages\framework-arduinoespressif32\libraries\HTTPClient)
|   |   |   |   |-- Networking @ 1.0.0 (License: Unknown, Path: C:\Users\pvtjo\.platformio\packages\framework-arduinoespressif32\libraries\Network)
|   |   |   |-- Networking @ 1.0.0 (License: Unknown, Path: C:\Users\pvtjo\.platformio\packages\framework-arduinoespressif32\libraries\Network)
|   |   |   |-- Update @ 2.0.0 (License: Unknown, Path: C:\Users\pvtjo\.platformio\packages\framework-arduinoespressif32\libraries\Update)
|   |   |   |-- WiFi @ 2.0.0 (License: Unknown, Path: C:\Users\pvtjo\.platformio\packages\framework-arduinoespressif32\libraries\WiFi)
|   |   |   |   |-- Networking @ 1.0.0 (License: Unknown, Path: C:\Users\pvtjo\.platformio\packages\framework-arduinoespressif32\libraries\Network)
|   |   |-- ESPmDNS @ 2.0.0 (License: Unknown, Path: C:\Users\pvtjo\.platformio\packages\framework-arduinoespressif32\libraries\ESPmDNS)
|   |-- WiFiHelper @ 1.0.0 (License: Unknown, Path: C:\SW\T-1000_V2\lib\default\WiFiHelper)
|   |   |-- WiFi @ 2.0.0 (License: Unknown, Path: C:\Users\pvtjo\.platformio\packages\framework-arduinoespressif32\libraries\WiFi)
|   |   |   |-- Networking @ 1.0.0 (License: Unknown, Path: C:\Users\pvtjo\.platformio\packages\framework-arduinoespressif32\libraries\Network)
|-- Zip-readonly-FS @ 1.0 (License: MIT, Path: C:\SW\T-1000_V2\lib\libesp32\Zip-readonly-FS)
|   |-- FS @ 2.0.0 (License: Unknown, Path: C:\Users\pvtjo\.platformio\packages\framework-arduinoespressif32\libraries\FS)
|   |-- TasmotaLList @ 1.0 (License: MIT, Path: C:\SW\T-1000_V2\lib\default\TasmotaLList)
|-- Adafruit TSL2591 (License: Unknown, Path: C:\SW\T-1000_V2\lib\lib_i2c\Adafruit_TSL2591)
|   |-- Wire @ 2.0.0 (License: Unknown, Path: C:\Users\pvtjo\.platformio\packages\framework-arduinoespressif32\libraries\Wire)
|-- base64 @ 1.1.1 (License: Unknown, Path: C:\SW\T-1000_V2\lib\default\base64-1.1.1)
|-- BME68x (License: Unknown, Path: C:\SW\T-1000_V2\lib\lib_i2c\BME68x)
|-- Micro-RTSP @ 0.1.6 (License: Unknown, Path: C:\SW\T-1000_V2\lib\libesp32\rtsp)
|   |-- WiFi @ 2.0.0 (License: Unknown, Path: C:\Users\pvtjo\.platformio\packages\framework-arduinoespressif32\libraries\WiFi)
|   |   |-- Networking @ 1.0.0 (License: Unknown, Path: C:\Users\pvtjo\.platformio\packages\framework-arduinoespressif32\libraries\Network)
|-- DHT sensor library @ 1.4.3 (License: Unknown, Path: C:\SW\T-1000_V2\lib\libesp32\DHT-sensor-library)
|-- DNSServer @ 2.0.0 (License: Unknown, Path: C:\Users\pvtjo\.platformio\packages\framework-arduinoespressif32\libraries\DNSServer)
|   |-- ESP32 Async UDP @ 2.0.0 (License: Unknown, Path: C:\Users\pvtjo\.platformio\packages\framework-arduinoespressif32\libraries\AsyncUDP)
|   |-- WiFi @ 2.0.0 (License: Unknown, Path: C:\Users\pvtjo\.platformio\packages\framework-arduinoespressif32\libraries\WiFi)
|   |   |-- Networking @ 1.0.0 (License: Unknown, Path: C:\Users\pvtjo\.platformio\packages\framework-arduinoespressif32\libraries\Network)
|-- ESPmDNS @ 2.0.0 (License: Unknown, Path: C:\Users\pvtjo\.platformio\packages\framework-arduinoespressif32\libraries\ESPmDNS)
|-- Ethernet @ 2.0.0 (License: Unknown, Path: C:\Users\pvtjo\.platformio\packages\framework-arduinoespressif32\libraries\Ethernet)
|   |-- Networking @ 1.0.0 (License: Unknown, Path: C:\Users\pvtjo\.platformio\packages\framework-arduinoespressif32\libraries\Network)
|   |-- SPI @ 2.0.0 (License: Unknown, Path: C:\Users\pvtjo\.platformio\packages\framework-arduinoespressif32\libraries\SPI)
|-- Ext-printf @ 1.0 (License: Unknown, Path: C:\SW\T-1000_V2\lib\default\Ext-printf)
|-- FrogmoreScd30 (License: Unknown, Path: C:\SW\T-1000_V2\lib\lib_i2c\FrogmoreScd30)
|   |-- ESP32-to-ESP8266-compat @ 0.0.2 (License: Unknown, Path: C:\SW\T-1000_V2\lib\libesp32\ESP32-to-ESP8266-compat)
|   |   |-- WebServer @ 2.0.0 (License: Unknown, Path: C:\Users\pvtjo\.platformio\packages\framework-arduinoespressif32\libraries\WebServer)
|   |   |   |-- FS @ 2.0.0 (License: Unknown, Path: C:\Users\pvtjo\.platformio\packages\framework-arduinoespressif32\libraries\FS)
|   |   |   |-- Networking @ 1.0.0 (License: Unknown, Path: C:\Users\pvtjo\.platformio\packages\framework-arduinoespressif32\libraries\Network)
|   |   |-- WiFiHelper @ 1.0.0 (License: Unknown, Path: C:\SW\T-1000_V2\lib\default\WiFiHelper)
|   |   |   |-- WiFi @ 2.0.0 (License: Unknown, Path: C:\Users\pvtjo\.platformio\packages\framework-arduinoespressif32\libraries\WiFi)
|   |   |   |   |-- Networking @ 1.0.0 (License: Unknown, Path: C:\Users\pvtjo\.platformio\packages\framework-arduinoespressif32\libraries\Network)
|   |   |-- HTTPClient @ 2.0.0 (License: Unknown, Path: C:\Users\pvtjo\.platformio\packages\framework-arduinoespressif32\libraries\HTTPClient)
|   |   |   |-- Networking @ 1.0.0 (License: Unknown, Path: C:\Users\pvtjo\.platformio\packages\framework-arduinoespressif32\libraries\Network)
|   |   |-- HTTPUpdate @ 2.0.0 (License: Unknown, Path: C:\Users\pvtjo\.platformio\packages\framework-arduinoespressif32\libraries\HTTPUpdate)
|   |   |   |-- HTTPClient @ 2.0.0 (License: Unknown, Path: C:\Users\pvtjo\.platformio\packages\framework-arduinoespressif32\libraries\HTTPClient)
|   |   |   |   |-- Networking @ 1.0.0 (License: Unknown, Path: C:\Users\pvtjo\.platformio\packages\framework-arduinoespressif32\libraries\Network)
|   |   |   |-- Networking @ 1.0.0 (License: Unknown, Path: C:\Users\pvtjo\.platformio\packages\framework-arduinoespressif32\libraries\Network)
|   |   |   |-- Update @ 2.0.0 (License: Unknown, Path: C:\Users\pvtjo\.platformio\packages\framework-arduinoespressif32\libraries\Update)
|   |   |   |-- WiFi @ 2.0.0 (License: Unknown, Path: C:\Users\pvtjo\.platformio\packages\framework-arduinoespressif32\libraries\WiFi)
|   |   |   |   |-- Networking @ 1.0.0 (License: Unknown, Path: C:\Users\pvtjo\.platformio\packages\framework-arduinoespressif32\libraries\Network)
|   |   |-- ESPmDNS @ 2.0.0 (License: Unknown, Path: C:\Users\pvtjo\.platformio\packages\framework-arduinoespressif32\libraries\ESPmDNS)
|   |-- Wire @ 2.0.0 (License: Unknown, Path: C:\Users\pvtjo\.platformio\packages\framework-arduinoespressif32\libraries\Wire)
|-- FrogmoreScd40 (License: Unknown, Path: C:\SW\T-1000_V2\lib\lib_i2c\FrogmoreScd40)
|   |-- ESP32-to-ESP8266-compat @ 0.0.2 (License: Unknown, Path: C:\SW\T-1000_V2\lib\libesp32\ESP32-to-ESP8266-compat)
|   |   |-- WebServer @ 2.0.0 (License: Unknown, Path: C:\Users\pvtjo\.platformio\packages\framework-arduinoespressif32\libraries\WebServer)
|   |   |   |-- FS @ 2.0.0 (License: Unknown, Path: C:\Users\pvtjo\.platformio\packages\framework-arduinoespressif32\libraries\FS)
|   |   |   |-- Networking @ 1.0.0 (License: Unknown, Path: C:\Users\pvtjo\.platformio\packages\framework-arduinoespressif32\libraries\Network)
|   |   |-- WiFiHelper @ 1.0.0 (License: Unknown, Path: C:\SW\T-1000_V2\lib\default\WiFiHelper)
|   |   |   |-- WiFi @ 2.0.0 (License: Unknown, Path: C:\Users\pvtjo\.platformio\packages\framework-arduinoespressif32\libraries\WiFi)
|   |   |   |   |-- Networking @ 1.0.0 (License: Unknown, Path: C:\Users\pvtjo\.platformio\packages\framework-arduinoespressif32\libraries\Network)
|   |   |-- HTTPClient @ 2.0.0 (License: Unknown, Path: C:\Users\pvtjo\.platformio\packages\framework-arduinoespressif32\libraries\HTTPClient)
|   |   |   |-- Networking @ 1.0.0 (License: Unknown, Path: C:\Users\pvtjo\.platformio\packages\framework-arduinoespressif32\libraries\Network)
|   |   |-- HTTPUpdate @ 2.0.0 (License: Unknown, Path: C:\Users\pvtjo\.platformio\packages\framework-arduinoespressif32\libraries\HTTPUpdate)
|   |   |   |-- HTTPClient @ 2.0.0 (License: Unknown, Path: C:\Users\pvtjo\.platformio\packages\framework-arduinoespressif32\libraries\HTTPClient)
|   |   |   |   |-- Networking @ 1.0.0 (License: Unknown, Path: C:\Users\pvtjo\.platformio\packages\framework-arduinoespressif32\libraries\Network)
|   |   |   |-- Networking @ 1.0.0 (License: Unknown, Path: C:\Users\pvtjo\.platformio\packages\framework-arduinoespressif32\libraries\Network)
|   |   |   |-- Update @ 2.0.0 (License: Unknown, Path: C:\Users\pvtjo\.platformio\packages\framework-arduinoespressif32\libraries\Update)
|   |   |   |-- WiFi @ 2.0.0 (License: Unknown, Path: C:\Users\pvtjo\.platformio\packages\framework-arduinoespressif32\libraries\WiFi)
|   |   |   |   |-- Networking @ 1.0.0 (License: Unknown, Path: C:\Users\pvtjo\.platformio\packages\framework-arduinoespressif32\libraries\Network)
|   |   |-- ESPmDNS @ 2.0.0 (License: Unknown, Path: C:\Users\pvtjo\.platformio\packages\framework-arduinoespressif32\libraries\ESPmDNS)
|   |-- Wire @ 2.0.0 (License: Unknown, Path: C:\Users\pvtjo\.platformio\packages\framework-arduinoespressif32\libraries\Wire)
|-- HPMA115S0 Arduino Library @ 1.0.0 (License: Unknown, Path: C:\SW\T-1000_V2\lib\lib_i2c\HPMA115S0)
|-- IRremoteESP8266 @ 2.8.6 (License: Unknown, Path: C:\SW\T-1000_V2\lib\lib_basic\IRremoteESP8266)
|   |-- ESP32-to-ESP8266-compat @ 0.0.2 (License: Unknown, Path: C:\SW\T-1000_V2\lib\libesp32\ESP32-to-ESP8266-compat)
|   |   |-- WebServer @ 2.0.0 (License: Unknown, Path: C:\Users\pvtjo\.platformio\packages\framework-arduinoespressif32\libraries\WebServer)
|   |   |   |-- FS @ 2.0.0 (License: Unknown, Path: C:\Users\pvtjo\.platformio\packages\framework-arduinoespressif32\libraries\FS)
|   |   |   |-- Networking @ 1.0.0 (License: Unknown, Path: C:\Users\pvtjo\.platformio\packages\framework-arduinoespressif32\libraries\Network)
|   |   |-- WiFiHelper @ 1.0.0 (License: Unknown, Path: C:\SW\T-1000_V2\lib\default\WiFiHelper)
|   |   |   |-- WiFi @ 2.0.0 (License: Unknown, Path: C:\Users\pvtjo\.platformio\packages\framework-arduinoespressif32\libraries\WiFi)
|   |   |   |   |-- Networking @ 1.0.0 (License: Unknown, Path: C:\Users\pvtjo\.platformio\packages\framework-arduinoespressif32\libraries\Network)
|   |   |-- HTTPClient @ 2.0.0 (License: Unknown, Path: C:\Users\pvtjo\.platformio\packages\framework-arduinoespressif32\libraries\HTTPClient)
|   |   |   |-- Networking @ 1.0.0 (License: Unknown, Path: C:\Users\pvtjo\.platformio\packages\framework-arduinoespressif32\libraries\Network)
|   |   |-- HTTPUpdate @ 2.0.0 (License: Unknown, Path: C:\Users\pvtjo\.platformio\packages\framework-arduinoespressif32\libraries\HTTPUpdate)
|   |   |   |-- HTTPClient @ 2.0.0 (License: Unknown, Path: C:\Users\pvtjo\.platformio\packages\framework-arduinoespressif32\libraries\HTTPClient)
|   |   |   |   |-- Networking @ 1.0.0 (License: Unknown, Path: C:\Users\pvtjo\.platformio\packages\framework-arduinoespressif32\libraries\Network)
|   |   |   |-- Networking @ 1.0.0 (License: Unknown, Path: C:\Users\pvtjo\.platformio\packages\framework-arduinoespressif32\libraries\Network)
|   |   |   |-- Update @ 2.0.0 (License: Unknown, Path: C:\Users\pvtjo\.platformio\packages\framework-arduinoespressif32\libraries\Update)
|   |   |   |-- WiFi @ 2.0.0 (License: Unknown, Path: C:\Users\pvtjo\.platformio\packages\framework-arduinoespressif32\libraries\WiFi)
|   |   |   |   |-- Networking @ 1.0.0 (License: Unknown, Path: C:\Users\pvtjo\.platformio\packages\framework-arduinoespressif32\libraries\Network)
|   |   |-- ESPmDNS @ 2.0.0 (License: Unknown, Path: C:\Users\pvtjo\.platformio\packages\framework-arduinoespressif32\libraries\ESPmDNS)
|-- JSMN JSON parser customized and optimized for ESP8266 and Tasmota @ 1.0 (License: Unknown, Path: C:\SW\T-1000_V2\lib\default\jsmn-shadinger-1.0)
|-- KeeloqLib @ 1.1 (License: Unknown, Path: C:\SW\T-1000_V2\lib\lib_rf\KeeloqLib)
|-- LinkedList (License: Unknown, Path: C:\SW\T-1000_V2\lib\default\LinkedList-1.2.3)
|-- LittleFS @ 2.0.0 (License: Unknown, Path: C:\Users\pvtjo\.platformio\packages\framework-arduinoespressif32\libraries\LittleFS)
|   |-- FS @ 2.0.0 (License: Unknown, Path: C:\Users\pvtjo\.platformio\packages\framework-arduinoespressif32\libraries\FS)
|-- LOLIN_HP303B @ 1.0.0 (License: Unknown, Path: C:\SW\T-1000_V2\lib\lib_i2c\LOLIN_HP303B)
|   |-- SPI @ 2.0.0 (License: Unknown, Path: C:\Users\pvtjo\.platformio\packages\framework-arduinoespressif32\libraries\SPI)
|   |-- Wire @ 2.0.0 (License: Unknown, Path: C:\Users\pvtjo\.platformio\packages\framework-arduinoespressif32\libraries\Wire)
|-- LoRa @ 0.8.0 (License: Unknown, Path: C:\SW\T-1000_V2\lib\lib_rf\LoRa)
|   |-- SPI @ 2.0.0 (License: Unknown, Path: C:\Users\pvtjo\.platformio\packages\framework-arduinoespressif32\libraries\SPI)
|-- MLX90640 (License: Unknown, Path: C:\SW\T-1000_V2\lib\lib_i2c\mlx90640)
|   |-- Wire @ 2.0.0 (License: Unknown, Path: C:\Users\pvtjo\.platformio\packages\framework-arduinoespressif32\libraries\Wire)
|-- MPU_accel (License: Unknown, Path: C:\SW\T-1000_V2\lib\lib_i2c\MPU_accel)
|   |-- Wire @ 2.0.0 (License: Unknown, Path: C:\Users\pvtjo\.platformio\packages\framework-arduinoespressif32\libraries\Wire)
|-- BlueRobotics_MS5837 (License: Unknown, Path: C:\SW\T-1000_V2\lib\lib_i2c\BlueRobotics_MS5837)
|   |-- Wire @ 2.0.0 (License: Unknown, Path: C:\Users\pvtjo\.platformio\packages\framework-arduinoespressif32\libraries\Wire)
|-- OneWire @ 2.3.2 (License: Unknown, Path: C:\SW\T-1000_V2\lib\lib_basic\TasmotaOneWire-2.3.3)
|-- PubSubClient @ 2.8 (License: Unknown, Path: C:\SW\T-1000_V2\lib\default\pubsubclient-2.8.13)
|-- RadioLib @ 6.4.2 (License: MIT, Path: C:\SW\T-1000_V2\lib\lib_rf\RadioLib)
|   |-- SPI @ 2.0.0 (License: Unknown, Path: C:\Users\pvtjo\.platformio\packages\framework-arduinoespressif32\libraries\SPI)
|-- rc-switch @ 1.0.0 (License: Unknown, Path: C:\SW\T-1000_V2\lib\lib_rf\rc-switch)
|-- RF24 @ 1.3.3 (License: Unknown, Path: C:\SW\T-1000_V2\lib\lib_rf\RF24)
|   |-- SPI @ 2.0.0 (License: Unknown, Path: C:\Users\pvtjo\.platformio\packages\framework-arduinoespressif32\libraries\SPI)
|-- SD @ 2.0.0 (License: Unknown, Path: C:\Users\pvtjo\.platformio\packages\framework-arduinoespressif32\libraries\SD)
|   |-- FS @ 2.0.0 (License: Unknown, Path: C:\Users\pvtjo\.platformio\packages\framework-arduinoespressif32\libraries\FS)
|   |-- SPI @ 2.0.0 (License: Unknown, Path: C:\Users\pvtjo\.platformio\packages\framework-arduinoespressif32\libraries\SPI)
|-- SD_MMC @ 2.0.0 (License: Unknown, Path: C:\Users\pvtjo\.platformio\packages\framework-arduinoespressif32\libraries\SD_MMC)
|   |-- FS @ 2.0.0 (License: Unknown, Path: C:\Users\pvtjo\.platformio\packages\framework-arduinoespressif32\libraries\FS)
|-- Sensirion I2C SEN5X @ 0.2.0 (License: Unknown, Path: C:\SW\T-1000_V2\lib\lib_i2c\Sensirion_I2C_SEN5X)
|   |-- Sensirion Core @ 0.6.0 (License: Unknown, Path: C:\SW\T-1000_V2\lib\lib_i2c\Sensirion_Core)
|   |   |-- Wire @ 2.0.0 (License: Unknown, Path: C:\Users\pvtjo\.platformio\packages\framework-arduinoespressif32\libraries\Wire)
|   |-- Wire @ 2.0.0 (License: Unknown, Path: C:\Users\pvtjo\.platformio\packages\framework-arduinoespressif32\libraries\Wire)
|-- SPI @ 2.0.0 (License: Unknown, Path: C:\Users\pvtjo\.platformio\packages\framework-arduinoespressif32\libraries\SPI)
|-- TasmotaDali @ 1.0.0 (License: Unknown, Path: C:\SW\T-1000_V2\lib\default\TasmotaDali)
|-- TasmotaModbus @ 3.6.0 (License: Unknown, Path: C:\SW\T-1000_V2\lib\lib_basic\TasmotaModbus-3.6.0)
|   |-- TasmotaSerial @ 3.7.0 (License: Unknown, Path: C:\SW\T-1000_V2\lib\default\TasmotaSerial-3.7.0)
|   |   |-- ESP32-to-ESP8266-compat @ 0.0.2 (License: Unknown, Path: C:\SW\T-1000_V2\lib\libesp32\ESP32-to-ESP8266-compat)
|   |   |   |-- WebServer @ 2.0.0 (License: Unknown, Path: C:\Users\pvtjo\.platformio\packages\framework-arduinoespressif32\libraries\WebServer)
|   |   |   |   |-- FS @ 2.0.0 (License: Unknown, Path: C:\Users\pvtjo\.platformio\packages\framework-arduinoespressif32\libraries\FS)
|   |   |   |   |-- Networking @ 1.0.0 (License: Unknown, Path: C:\Users\pvtjo\.platformio\packages\framework-arduinoespressif32\libraries\Network)
|   |   |   |-- WiFiHelper @ 1.0.0 (License: Unknown, Path: C:\SW\T-1000_V2\lib\default\WiFiHelper)
|   |   |   |   |-- WiFi @ 2.0.0 (License: Unknown, Path: C:\Users\pvtjo\.platformio\packages\framework-arduinoespressif32\libraries\WiFi)
|   |   |   |   |   |-- Networking @ 1.0.0 (License: Unknown, Path: C:\Users\pvtjo\.platformio\packages\framework-arduinoespressif32\libraries\Network)
|   |   |   |-- HTTPClient @ 2.0.0 (License: Unknown, Path: C:\Users\pvtjo\.platformio\packages\framework-arduinoespressif32\libraries\HTTPClient)
|   |   |   |   |-- Networking @ 1.0.0 (License: Unknown, Path: C:\Users\pvtjo\.platformio\packages\framework-arduinoespressif32\libraries\Network)
|   |   |   |-- HTTPUpdate @ 2.0.0 (License: Unknown, Path: C:\Users\pvtjo\.platformio\packages\framework-arduinoespressif32\libraries\HTTPUpdate)
|   |   |   |   |-- HTTPClient @ 2.0.0 (License: Unknown, Path: C:\Users\pvtjo\.platformio\packages\framework-arduinoespressif32\libraries\HTTPClient)
|   |   |   |   |   |-- Networking @ 1.0.0 (License: Unknown, Path: C:\Users\pvtjo\.platformio\packages\framework-arduinoespressif32\libraries\Network)
|   |   |   |   |-- Networking @ 1.0.0 (License: Unknown, Path: C:\Users\pvtjo\.platformio\packages\framework-arduinoespressif32\libraries\Network)
|   |   |   |   |-- Update @ 2.0.0 (License: Unknown, Path: C:\Users\pvtjo\.platformio\packages\framework-arduinoespressif32\libraries\Update)
|   |   |   |   |-- WiFi @ 2.0.0 (License: Unknown, Path: C:\Users\pvtjo\.platformio\packages\framework-arduinoespressif32\libraries\WiFi)
|   |   |   |   |   |-- Networking @ 1.0.0 (License: Unknown, Path: C:\Users\pvtjo\.platformio\packages\framework-arduinoespressif32\libraries\Network)
|   |   |   |-- ESPmDNS @ 2.0.0 (License: Unknown, Path: C:\Users\pvtjo\.platformio\packages\framework-arduinoespressif32\libraries\ESPmDNS)
|-- TasmotaSerial @ 3.7.0 (License: Unknown, Path: C:\SW\T-1000_V2\lib\default\TasmotaSerial-3.7.0)
|   |-- ESP32-to-ESP8266-compat @ 0.0.2 (License: Unknown, Path: C:\SW\T-1000_V2\lib\libesp32\ESP32-to-ESP8266-compat)
|   |   |-- WebServer @ 2.0.0 (License: Unknown, Path: C:\Users\pvtjo\.platformio\packages\framework-arduinoespressif32\libraries\WebServer)
|   |   |   |-- FS @ 2.0.0 (License: Unknown, Path: C:\Users\pvtjo\.platformio\packages\framework-arduinoespressif32\libraries\FS)
|   |   |   |-- Networking @ 1.0.0 (License: Unknown, Path: C:\Users\pvtjo\.platformio\packages\framework-arduinoespressif32\libraries\Network)
|   |   |-- WiFiHelper @ 1.0.0 (License: Unknown, Path: C:\SW\T-1000_V2\lib\default\WiFiHelper)
|   |   |   |-- WiFi @ 2.0.0 (License: Unknown, Path: C:\Users\pvtjo\.platformio\packages\framework-arduinoespressif32\libraries\WiFi)
|   |   |   |   |-- Networking @ 1.0.0 (License: Unknown, Path: C:\Users\pvtjo\.platformio\packages\framework-arduinoespressif32\libraries\Network)
|   |   |-- HTTPClient @ 2.0.0 (License: Unknown, Path: C:\Users\pvtjo\.platformio\packages\framework-arduinoespressif32\libraries\HTTPClient)
|   |   |   |-- Networking @ 1.0.0 (License: Unknown, Path: C:\Users\pvtjo\.platformio\packages\framework-arduinoespressif32\libraries\Network)
|   |   |-- HTTPUpdate @ 2.0.0 (License: Unknown, Path: C:\Users\pvtjo\.platformio\packages\framework-arduinoespressif32\libraries\HTTPUpdate)
|   |   |   |-- HTTPClient @ 2.0.0 (License: Unknown, Path: C:\Users\pvtjo\.platformio\packages\framework-arduinoespressif32\libraries\HTTPClient)
|   |   |   |   |-- Networking @ 1.0.0 (License: Unknown, Path: C:\Users\pvtjo\.platformio\packages\framework-arduinoespressif32\libraries\Network)
|   |   |   |-- Networking @ 1.0.0 (License: Unknown, Path: C:\Users\pvtjo\.platformio\packages\framework-arduinoespressif32\libraries\Network)
|   |   |   |-- Update @ 2.0.0 (License: Unknown, Path: C:\Users\pvtjo\.platformio\packages\framework-arduinoespressif32\libraries\Update)
|   |   |   |-- WiFi @ 2.0.0 (License: Unknown, Path: C:\Users\pvtjo\.platformio\packages\framework-arduinoespressif32\libraries\WiFi)
|   |   |   |   |-- Networking @ 1.0.0 (License: Unknown, Path: C:\Users\pvtjo\.platformio\packages\framework-arduinoespressif32\libraries\Network)
|   |   |-- ESPmDNS @ 2.0.0 (License: Unknown, Path: C:\Users\pvtjo\.platformio\packages\framework-arduinoespressif32\libraries\ESPmDNS)
|-- Ticker @ 2.0.0 (License: Unknown, Path: C:\Users\pvtjo\.platformio\packages\framework-arduinoespressif32\libraries\Ticker)
|-- Joba_Tsl2561 @ 2.0.10 (License: Unknown, Path: C:\SW\T-1000_V2\lib\lib_i2c\Joba_Tsl2561-2.0.10)
|   |-- Wire @ 2.0.0 (License: Unknown, Path: C:\Users\pvtjo\.platformio\packages\framework-arduinoespressif32\libraries\Wire)
|-- BearSSL @ 0.6 (License: Unknown, Path: C:\SW\T-1000_V2\lib\lib_ssl\bearssl-esp8266)
|-- WiFiHelper @ 1.0.0 (License: Unknown, Path: C:\SW\T-1000_V2\lib\default\WiFiHelper)
|   |-- WiFi @ 2.0.0 (License: Unknown, Path: C:\Users\pvtjo\.platformio\packages\framework-arduinoespressif32\libraries\WiFi)
|   |   |-- Networking @ 1.0.0 (License: Unknown, Path: C:\Users\pvtjo\.platformio\packages\framework-arduinoespressif32\libraries\Network)
|-- WiFi @ 2.0.0 (License: Unknown, Path: C:\Users\pvtjo\.platformio\packages\framework-arduinoespressif32\libraries\WiFi)
|   |-- Networking @ 1.0.0 (License: Unknown, Path: C:\Users\pvtjo\.platformio\packages\framework-arduinoespressif32\libraries\Network)
|-- Wire @ 2.0.0 (License: Unknown, Path: C:\Users\pvtjo\.platformio\packages\framework-arduinoespressif32\libraries\Wire)
Building in release mode
Using tempfile C:\SW\T-1000_V2\.pio\build\tasmota32\tmpqpfosyve.tmp for command line:
xtensa-esp32-elf-g++ -o .pio/build/tasmota32/src/tasmota.ino.cpp.o -c -Wno-volatile -DCONFIG_TASMOTA_FLASHMODE_DIO -Wno-frame-address -std=gnu++2b -fno-exceptions -fno-rtti -Wno-deprecated-declarations -free -fipa-pta -Wreturn-type -mno-target-align -Wno-switch-unreachable -Wno-stringop-overflow -fno-exceptions -flto=auto -include sdkconfig.h -include esp32x_fixes.h -Os -mlongcalls -ffunction-sections -fdata-sections -Wno-error=unused-function -Wno-error=unused-variable -Wno-error=unused-but-set-variable -Wno-error=deprecated-declarations -Wno-unused-parameter -Wno-sign-compare -Wno-enum-conversion -gdwarf-4 -ggdb -freorder-blocks -fstrict-volatile-bitfields -fno-jump-tables -fno-tree-switch-conversion -MMD -DPLATFORMIO=60119 -DARDUINO_TASMOTA -DBOARD_HAS_PSRAM -DESP32_4M -DCORE_DEBUG_LEVEL=0 -DTASMOTA -DUSE_CONFIG_OVERRIDE -DUSE_IPV6 -DBUFFER_LENGTH=128 -DHTTP_UPLOAD_BUFLEN=2048 -DMQTT_MAX_PACKET_SIZE=1200 -Duint32=uint32_t -Duint16=uint16_t -Duint8=uint8_t -Dsint8_t=int8_t -Dsint32_t=int32_t -Dsint16_t=int16_t -Dmemcpy_P=memcpy -Dmemcmp_P=memcmp -DUSE_4K_RSA -DFIRMWARE_TASMOTA32 -DOTA_URL=\"http://ota.tasmota.com/tasmota32/release/tasmota32.bin\" -DESP_PLATFORM -DIDF_VER=\"5.1.4.240702\" -DLFS_MULTIVERSION -DMBEDTLS_CONFIG_FILE=\"mbedtls/esp_config.h\" -DNDEBUG -DSOC_MMU_PAGE_SIZE=CONFIG_MMU_PAGE_SIZE -DUNITY_INCLUDE_CONFIG_H -D_GNU_SOURCE -D_POSIX_READER_WRITER_LOCKS -DconfigENABLE_FREERTOS_DEBUG_OCDAWARE=1 -DARDUINO_ARCH_ESP32 -DESP32 -DF_CPU=160000000L -DARDUINO=10812 -DARDUINO_VARIANT=\"esp32\" "-DARDUINO_BOARD=\"Espressif Generic ESP32 >= 4M Flash PSRAM, Tasmota 2880k Code/OTA, 320k FS\"" -DARDUINO_PARTITION_esp32_partition_app2880k_fs320k -Ilib/lib_i2c/Joba_Tsl2561-2.0.10/src -IC:/Users/pvtjo/.platformio/packages/framework-arduinoespressif32/libraries/Ticker/src -Ilib/lib_basic/TasmotaModbus-3.6.0/src -Ilib/default/TasmotaSerial-3.7.0/src -Ilib/default/TasmotaDali/src -Ilib/lib_i2c/Sensirion_I2C_SEN5X/src -IC:/Users/pvtjo/.platformio/packages/framework-arduinoespressif32/libraries/SD_MMC/src -Ilib/lib_rf/RF24 -Ilib/lib_rf/RF24/utility -Ilib/lib_rf/rc-switch/src -Ilib/lib_rf/RadioLib/src -Ilib/default/pubsubclient-2.8.13/src -Ilib/lib_basic/TasmotaOneWire-2.3.3 -Ilib/lib_i2c/BlueRobotics_MS5837 -Ilib/lib_i2c/MPU_accel/src -Ilib/lib_i2c/mlx90640 -Ilib/lib_rf/LoRa/src -Ilib/lib_i2c/LOLIN_HP303B/src -Ilib/default/LinkedList-1.2.3 -Ilib/lib_rf/KeeloqLib/src -Ilib/default/jsmn-shadinger-1.0/src -Ilib/lib_basic/IRremoteESP8266/IRremoteESP8266/src -Ilib/lib_i2c/HPMA115S0/src -Ilib/lib_i2c/FrogmoreScd40 -Ilib/lib_i2c/FrogmoreScd30 -Ilib/default/Ext-printf/src -IC:/Users/pvtjo/.platformio/packages/framework-arduinoespressif32/libraries/DNSServer/src -IC:/Users/pvtjo/.platformio/packages/framework-arduinoespressif32/libraries/AsyncUDP/src -Ilib/libesp32/DHT-sensor-library -Ilib/libesp32/rtsp -Ilib/lib_i2c/BME68x -Ilib/lib_i2c/Adafruit_TSL2591 -Ilib/lib_i2c/vl53l1x-arduino-1.01 -Ilib/lib_i2c/vl53l0x-arduino-1.02 -Ilib/default/Unishox-Tasmota-1.0/src -Ilib/default/UdpListener/src -Ilib/libesp32/ESP-Mail-Client/src -IC:/Users/pvtjo/.platformio/packages/framework-arduinoespressif32/libraries/Ethernet/src -IC:/Users/pvtjo/.platformio/packages/framework-arduinoespressif32/libraries/SD/src -Ilib/lib_i2c/SPL06_007/src -Ilib/lib_i2c/arduino-i2c-sgp41/src -Ilib/lib_i2c/Sensirion_Core/src -Ilib/lib_i2c/ScioSense_ENS210/src -Ilib/lib_i2c/ScioSense_ENS16x/src -Ilib/lib_i2c/Mutichannel_Gas_Sensor/src -Ilib/lib_i2c/I2Cdevlib-MPU6050 -Ilib/libesp32/JPEGDEC/src -Ilib/lib_ssl/IniFile-Tasmota/src -Ilib/default/base64-1.1.1/src -Ilib/lib_i2c/I2Cdevlib-Core -Ilib/libesp32/HttpClientLight/src -Ilib/lib_ssl/tls_mini/src -IC:/Users/pvtjo/.platformio/packages/framework-arduinoespressif32/libraries/FFat/src -Ilib/default/AT24C256_512 -Ilib/lib_ssl/esp_wireguard-Tasmota/include -Ilib/lib_ssl/esp_wireguard-Tasmota/src -Ilib/lib_ssl/bearssl-esp8266/src -Ilib/default/headers -IC:/Users/pvtjo/.platformio/packages/framework-arduinoespressif32/libraries/ESPmDNS/src -IC:/Users/pvtjo/.platformio/packages/framework-arduinoespressif32/libraries/HTTPUpdate/src -IC:/Users/pvtjo/.platformio/packages/framework-arduinoespressif32/libraries/Update/src -IC:/Users/pvtjo/.platformio/packages/framework-arduinoespressif32/libraries/HTTPClient/src -Ilib/default/WiFiHelper/src -Ilib/libesp32/ESP32-to-ESP8266-compat/src -IC:/Users/pvtjo/.platformio/packages/framework-arduinoespressif32/libraries/WiFi/src -IC:/Users/pvtjo/.platformio/packages/framework-arduinoespressif32/libraries/WebServer/src -IC:/Users/pvtjo/.platformio/packages/framework-arduinoespressif32/libraries/Network/src -Ilib/lib_i2c/BM8563/src -Ilib/libesp32/berry_int64/src -Ilib/libesp32/berry_tasmota/include -Ilib/libesp32/berry_tasmota/src -IC:/Users/pvtjo/.platformio/packages/framework-arduinoespressif32/libraries/LittleFS/src -Ilib/libesp32/Zip-readonly-FS/src -Ilib/default/TasmotaLList/src -IC:/Users/pvtjo/.platformio/packages/framework-arduinoespressif32/libraries/FS/src -Ilib/lib_basic/TasmotaLED/src -Ilib/libesp32/ccronexpr -Ilib/libesp32/berry_matter/src -Ilib/libesp32/berry_animation/src -Ilib/libesp32/re1.5 -Ilib/libesp32/berry_custom/src -Ilib/libesp32/berry_mapping/src -Ilib/libesp32/berry/generate -Ilib/libesp32/berry/src -Itasmota -Ilib/lib_i2c/AGS02MA-0.4.3 -Ilib/lib_i2c/Adafruit_VEML7700 -Ilib/lib_i2c/Adafruit_SGP40-1.1.0/src -Ilib/lib_i2c/Adafruit_SGP30-1.2.0 -Ilib/lib_i2c/Adafruit_Seesaw-1.7.9 -Ilib/lib_i2c/Adafruit_PM25AQI-1.0.6 -Ilib/lib_i2c/Adafruit_BusIO -Ilib/lib_i2c/Adafruit_MCP9808_Tasmota -Ilib/lib_i2c/Adafruit_MAX31865-Tasmota-1.1.0 -IC:/Users/pvtjo/.platformio/packages/framework-arduinoespressif32/libraries/SPI/src -Ilib/lib_i2c/Adafruit_CCS811-1.0.0.14 -IC:/Users/pvtjo/.platformio/packages/framework-arduinoespressif32/libraries/Wire/src -Iinclude -IC:/Users/pvtjo/.platformio/packages/framework-arduinoespressif32/tools/esp32-arduino-libs/esp32/include/newlib/platform_include -IC:/Users/pvtjo/.platformio/packages/framework-arduinoespressif32/tools/esp32-arduino-libs/esp32/include/freertos/FreeRTOS-Kernel/include -IC:/Users/pvtjo/.platformio/packages/framework-arduinoespressif32/tools/esp32-arduino-libs/esp32/include/freertos/FreeRTOS-Kernel/portable/xtensa/include -IC:/Users/pvtjo/.platformio/packages/framework-arduinoespressif32/tools/esp32-arduino-libs/esp32/include/freertos/esp_additions/include/freertos -IC:/Users/pvtjo/.platformio/packages/framework-arduinoespressif32/tools/esp32-arduino-libs/esp32/include/freertos/esp_additions/include -IC:/Users/pvtjo/.platformio/packages/framework-arduinoespressif32/tools/esp32-arduino-libs/esp32/include/freertos/esp_additions/arch/xtensa/include -IC:/Users/pvtjo/.platformio/packages/framework-arduinoespressif32/tools/esp32-arduino-libs/esp32/include/esp_hw_support/include -IC:/Users/pvtjo/.platformio/packages/framework-arduinoespressif32/tools/esp32-arduino-libs/esp32/include/esp_hw_support/include/soc -IC:/Users/pvtjo/.platformio/packages/framework-arduinoespressif32/tools/esp32-arduino-libs/esp32/include/esp_hw_support/include/soc/esp32 -IC:/Users/pvtjo/.platformio/packages/framework-arduinoespressif32/tools/esp32-arduino-libs/esp32/include/esp_hw_support/port/esp32 -IC:/Users/pvtjo/.platformio/packages/framework-arduinoespressif32/tools/esp32-arduino-libs/esp32/include/heap/include -IC:/Users/pvtjo/.platformio/packages/framework-arduinoespressif32/tools/esp32-arduino-libs/esp32/include/log/include -IC:/Users/pvtjo/.platformio/packages/framework-arduinoespressif32/tools/esp32-arduino-libs/esp32/include/soc/include -IC:/Users/pvtjo/.platformio/packages/framework-arduinoespressif32/tools/esp32-arduino-libs/esp32/include/soc/esp32 -IC:/Users/pvtjo/.platformio/packages/framework-arduinoespressif32/tools/esp32-arduino-libs/esp32/include/soc/esp32/include -IC:/Users/pvtjo/.platformio/packages/framework-arduinoespressif32/tools/esp32-arduino-libs/esp32/include/hal/esp32/include -IC:/Users/pvtjo/.platformio/packages/framework-arduinoespressif32/tools/esp32-arduino-libs/esp32/include/hal/include -IC:/Users/pvtjo/.platformio/packages/framework-arduinoespressif32/tools/esp32-arduino-libs/esp32/include/hal/platform_port/include -IC:/Users/pvtjo/.platformio/packages/framework-arduinoespressif32/tools/esp32-arduino-libs/esp32/include/esp_rom/include -IC:/Users/pvtjo/.platformio/packages/framework-arduinoespressif32/tools/esp32-arduino-libs/esp32/include/esp_rom/include/esp32 -IC:/Users/pvtjo/.platformio/packages/framework-arduinoespressif32/tools/esp32-arduino-libs/esp32/include/esp_rom/esp32 -IC:/Users/pvtjo/.platformio/packages/framework-arduinoespressif32/tools/esp32-arduino-libs/esp32/include/esp_common/include -IC:/Users/pvtjo/.platformio/packages/framework-arduinoespressif32/tools/esp32-arduino-libs/esp32/include/esp_system/include -IC:/Users/pvtjo/.platformio/packages/framework-arduinoespressif32/tools/esp32-arduino-libs/esp32/include/esp_system/port/soc -IC:/Users/pvtjo/.platformio/packages/framework-arduinoespressif32/tools/esp32-arduino-libs/esp32/include/esp_system/port/include/private -IC:/Users/pvtjo/.platformio/packages/framework-arduinoespressif32/tools/esp32-arduino-libs/esp32/include/xtensa/include -IC:/Users/pvtjo/.platformio/packages/framework-arduinoespressif32/tools/esp32-arduino-libs/esp32/include/xtensa/esp32/include -IC:/Users/pvtjo/.platformio/packages/framework-arduinoespressif32/tools/esp32-arduino-libs/esp32/include/lwip/include -IC:/Users/pvtjo/.platformio/packages/framework-arduinoespressif32/tools/esp32-arduino-libs/esp32/include/lwip/include/apps -IC:/Users/pvtjo/.platformio/packages/framework-arduinoespressif32/tools/esp32-arduino-libs/esp32/include/lwip/include/apps/sntp -IC:/Users/pvtjo/.platformio/packages/framework-arduinoespressif32/tools/esp32-arduino-libs/esp32/include/lwip/lwip/src/include -IC:/Users/pvtjo/.platformio/packages/framework-arduinoespressif32/tools/esp32-arduino-libs/esp32/include/lwip/port/include -IC:/Users/pvtjo/.platformio/packages/framework-arduinoespressif32/tools/esp32-arduino-libs/esp32/include/lwip/port/freertos/include -IC:/Users/pvtjo/.platformio/packages/framework-arduinoespressif32/tools/esp32-arduino-libs/esp32/include/lwip/port/esp32xx/include -IC:/Users/pvtjo/.platformio/packages/framework-arduinoespressif32/tools/esp32-arduino-libs/esp32/include/lwip/port/esp32xx/include/arch -IC:/Users/pvtjo/.platformio/packages/framework-arduinoespressif32/tools/esp32-arduino-libs/esp32/include/espressif__esp32-camera/driver/include -IC:/Users/pvtjo/.platformio/packages/framework-arduinoespressif32/tools/esp32-arduino-libs/esp32/include/espressif__esp32-camera/conversions/include -IC:/Users/pvtjo/.platformio/packages/framework-arduinoespressif32/tools/esp32-arduino-libs/esp32/include/driver/include -IC:/Users/pvtjo/.platformio/packages/framework-arduinoespressif32/tools/esp32-arduino-libs/esp32/include/driver/deprecated -IC:/Users/pvtjo/.platformio/packages/framework-arduinoespressif32/tools/esp32-arduino-libs/esp32/include/driver/analog_comparator/include -IC:/Users/pvtjo/.platformio/packages/framework-arduinoespressif32/tools/esp32-arduino-libs/esp32/include/driver/dac/include -IC:/Users/pvtjo/.platformio/packages/framework-arduinoespressif32/tools/esp32-arduino-libs/esp32/include/driver/gpio/include -IC:/Users/pvtjo/.platformio/packages/framework-arduinoespressif32/tools/esp32-arduino-libs/esp32/include/driver/gptimer/include -IC:/Users/pvtjo/.platformio/packages/framework-arduinoespressif32/tools/esp32-arduino-libs/esp32/include/driver/i2c/include -IC:/Users/pvtjo/.platformio/packages/framework-arduinoespressif32/tools/esp32-arduino-libs/esp32/include/driver/i2s/include -IC:/Users/pvtjo/.platformio/packages/framework-arduinoespressif32/tools/esp32-arduino-libs/esp32/include/driver/ledc/include -IC:/Users/pvtjo/.platformio/packages/framework-arduinoespressif32/tools/esp32-arduino-libs/esp32/include/driver/mcpwm/include -IC:/Users/pvtjo/.platformio/packages/framework-arduinoespressif32/tools/esp32-arduino-libs/esp32/include/driver/parlio/include -IC:/Users/pvtjo/.platformio/packages/framework-arduinoespressif32/tools/esp32-arduino-libs/esp32/include/driver/pcnt/include -IC:/Users/pvtjo/.platformio/packages/framework-arduinoespressif32/tools/esp32-arduino-libs/esp32/include/driver/rmt/include -IC:/Users/pvtjo/.platformio/packages/framework-arduinoespressif32/tools/esp32-arduino-libs/esp32/include/driver/sdio_slave/include -IC:/Users/pvtjo/.platformio/packages/framework-arduinoespressif32/tools/esp32-arduino-libs/esp32/include/driver/sdmmc/include -IC:/Users/pvtjo/.platformio/packages/framework-arduinoespressif32/tools/esp32-arduino-libs/esp32/include/driver/sigma_delta/include -IC:/Users/pvtjo/.platformio/packages/framework-arduinoespressif32/tools/esp32-arduino-libs/esp32/include/driver/spi/include -IC:/Users/pvtjo/.platformio/packages/framework-arduinoespressif32/tools/esp32-arduino-libs/esp32/include/driver/temperature_sensor/include -IC:/Users/pvtjo/.platformio/packages/framework-arduinoespressif32/tools/esp32-arduino-libs/esp32/include/driver/touch_sensor/include -IC:/Users/pvtjo/.platformio/packages/framework-arduinoespressif32/tools/esp32-arduino-libs/esp32/include/driver/twai/include -IC:/Users/pvtjo/.platformio/packages/framework-arduinoespressif32/tools/esp32-arduino-libs/esp32/include/driver/uart/include -IC:/Users/pvtjo/.platformio/packages/framework-arduinoespressif32/tools/esp32-arduino-libs/esp32/include/driver/usb_serial_jtag/include -IC:/Users/pvtjo/.platformio/packages/framework-arduinoespressif32/tools/esp32-arduino-libs/esp32/include/driver/touch_sensor/esp32/include -IC:/Users/pvtjo/.platformio/packages/framework-arduinoespressif32/tools/esp32-arduino-libs/esp32/include/esp_pm/include -IC:/Users/pvtjo/.platformio/packages/framework-arduinoespressif32/tools/esp32-arduino-libs/esp32/include/esp_ringbuf/include -IC:/Users/pvtjo/.platformio/packages/framework-arduinoespressif32/tools/esp32-arduino-libs/esp32/include/efuse/include -IC:/Users/pvtjo/.platformio/packages/framework-arduinoespressif32/tools/esp32-arduino-libs/esp32/include/efuse/esp32/include -IC:/Users/pvtjo/.platformio/packages/framework-arduinoespressif32/tools/esp32-arduino-libs/esp32/include/mbedtls/port/include -IC:/Users/pvtjo/.platformio/packages/framework-arduinoespressif32/tools/esp32-arduino-libs/esp32/include/mbedtls/mbedtls/include -IC:/Users/pvtjo/.platformio/packages/framework-arduinoespressif32/tools/esp32-arduino-libs/esp32/include/mbedtls/mbedtls/library -IC:/Users/pvtjo/.platformio/packages/framework-arduinoespressif32/tools/esp32-arduino-libs/esp32/include/mbedtls/esp_crt_bundle/include -IC:/Users/pvtjo/.platformio/packages/framework-arduinoespressif32/tools/esp32-arduino-libs/esp32/include/mbedtls/mbedtls/3rdparty/everest/include -IC:/Users/pvtjo/.platformio/packages/framework-arduinoespressif32/tools/esp32-arduino-libs/esp32/include/mbedtls/mbedtls/3rdparty/p256-m -IC:/Users/pvtjo/.platformio/packages/framework-arduinoespressif32/tools/esp32-arduino-libs/esp32/include/mbedtls/mbedtls/3rdparty/p256-m/p256-m -IC:/Users/pvtjo/.platformio/packages/framework-arduinoespressif32/tools/esp32-arduino-libs/esp32/include/esp_app_format/include -IC:/Users/pvtjo/.platformio/packages/framework-arduinoespressif32/tools/esp32-arduino-libs/esp32/include/bootloader_support/include -IC:/Users/pvtjo/.platformio/packages/framework-arduinoespressif32/tools/esp32-arduino-libs/esp32/include/bootloader_support/bootloader_flash/include -IC:/Users/pvtjo/.platformio/packages/framework-arduinoespressif32/tools/esp32-arduino-libs/esp32/include/esp_partition/include -IC:/Users/pvtjo/.platformio/packages/framework-arduinoespressif32/tools/esp32-arduino-libs/esp32/include/app_update/include -IC:/Users/pvtjo/.platformio/packages/framework-arduinoespressif32/tools/esp32-arduino-libs/esp32/include/esp_mm/include -IC:/Users/pvtjo/.platformio/packages/framework-arduinoespressif32/tools/esp32-arduino-libs/esp32/include/spi_flash/include -IC:/Users/pvtjo/.platformio/packages/framework-arduinoespressif32/tools/esp32-arduino-libs/esp32/include/pthread/include -IC:/Users/pvtjo/.platformio/packages/framework-arduinoespressif32/tools/esp32-arduino-libs/esp32/include/esp_timer/include -IC:/Users/pvtjo/.platformio/packages/framework-arduinoespressif32/tools/esp32-arduino-libs/esp32/include/app_trace/include -IC:/Users/pvtjo/.platformio/packages/framework-arduinoespressif32/tools/esp32-arduino-libs/esp32/include/esp_event/include -IC:/Users/pvtjo/.platformio/packages/framework-arduinoespressif32/tools/esp32-arduino-libs/esp32/include/nvs_flash/include -IC:/Users/pvtjo/.platformio/packages/framework-arduinoespressif32/tools/esp32-arduino-libs/esp32/include/esp_phy/include -IC:/Users/pvtjo/.platformio/packages/framework-arduinoespressif32/tools/esp32-arduino-libs/esp32/include/esp_phy/esp32/include -IC:/Users/pvtjo/.platformio/packages/framework-arduinoespressif32/tools/esp32-arduino-libs/esp32/include/vfs/include -IC:/Users/pvtjo/.platformio/packages/framework-arduinoespressif32/tools/esp32-arduino-libs/esp32/include/esp_netif/include -IC:/Users/pvtjo/.platformio/packages/framework-arduinoespressif32/tools/esp32-arduino-libs/esp32/include/wpa_supplicant/include -IC:/Users/pvtjo/.platformio/packages/framework-arduinoespressif32/tools/esp32-arduino-libs/esp32/include/wpa_supplicant/port/include -IC:/Users/pvtjo/.platformio/packages/framework-arduinoespressif32/tools/esp32-arduino-libs/esp32/include/wpa_supplicant/esp_supplicant/include -IC:/Users/pvtjo/.platformio/packages/framework-arduinoespressif32/tools/esp32-arduino-libs/esp32/include/esp_coex/include -IC:/Users/pvtjo/.platformio/packages/framework-arduinoespressif32/tools/esp32-arduino-libs/esp32/include/esp_wifi/include -IC:/Users/pvtjo/.platformio/packages/framework-arduinoespressif32/tools/esp32-arduino-libs/esp32/include/esp_wifi/wifi_apps/include -IC:/Users/pvtjo/.platformio/packages/framework-arduinoespressif32/tools/esp32-arduino-libs/esp32/include/bt/include/esp32/include -IC:/Users/pvtjo/.platformio/packages/framework-arduinoespressif32/tools/esp32-arduino-libs/esp32/include/bt/common/osi/include -IC:/Users/pvtjo/.platformio/packages/framework-arduinoespressif32/tools/esp32-arduino-libs/esp32/include/bt/common/api/include/api -IC:/Users/pvtjo/.platformio/packages/framework-arduinoespressif32/tools/esp32-arduino-libs/esp32/include/bt/common/btc/profile/esp/blufi/include -IC:/Users/pvtjo/.platformio/packages/framework-arduinoespressif32/tools/esp32-arduino-libs/esp32/include/bt/common/btc/profile/esp/include -IC:/Users/pvtjo/.platformio/packages/framework-arduinoespressif32/tools/esp32-arduino-libs/esp32/include/bt/common/hci_log/include -IC:/Users/pvtjo/.platformio/packages/framework-arduinoespressif32/tools/esp32-arduino-libs/esp32/include/bt/porting/ext/tinycrypt/include -IC:/Users/pvtjo/.platformio/packages/framework-arduinoespressif32/tools/esp32-arduino-libs/esp32/include/bt/host/nimble/nimble/nimble/host/include -IC:/Users/pvtjo/.platformio/packages/framework-arduinoespressif32/tools/esp32-arduino-libs/esp32/include/bt/host/nimble/nimble/nimble/include -IC:/Users/pvtjo/.platformio/packages/framework-arduinoespressif32/tools/esp32-arduino-libs/esp32/include/bt/host/nimble/nimble/nimble/host/services/ans/include -IC:/Users/pvtjo/.platformio/packages/framework-arduinoespressif32/tools/esp32-arduino-libs/esp32/include/bt/host/nimble/nimble/nimble/host/services/bas/include -IC:/Users/pvtjo/.platformio/packages/framework-arduinoespressif32/tools/esp32-arduino-libs/esp32/include/bt/host/nimble/nimble/nimble/host/services/dis/include -IC:/Users/pvtjo/.platformio/packages/framework-arduinoespressif32/tools/esp32-arduino-libs/esp32/include/bt/host/nimble/nimble/nimble/host/services/gap/include -IC:/Users/pvtjo/.platformio/packages/framework-arduinoespressif32/tools/esp32-arduino-libs/esp32/include/bt/host/nimble/nimble/nimble/host/services/gatt/include -IC:/Users/pvtjo/.platformio/packages/framework-arduinoespressif32/tools/esp32-arduino-libs/esp32/include/bt/host/nimble/nimble/nimble/host/services/hr/include -IC:/Users/pvtjo/.platformio/packages/framework-arduinoespressif32/tools/esp32-arduino-libs/esp32/include/bt/host/nimble/nimble/nimble/host/services/htp/include -IC:/Users/pvtjo/.platformio/packages/framework-arduinoespressif32/tools/esp32-arduino-libs/esp32/include/bt/host/nimble/nimble/nimble/host/services/ias/include -IC:/Users/pvtjo/.platformio/packages/framework-arduinoespressif32/tools/esp32-arduino-libs/esp32/include/bt/host/nimble/nimble/nimble/host/services/ipss/include -IC:/Users/pvtjo/.platformio/packages/framework-arduinoespressif32/tools/esp32-arduino-libs/esp32/include/bt/host/nimble/nimble/nimble/host/services/lls/include -IC:/Users/pvtjo/.platformio/packages/framework-arduinoespressif32/tools/esp32-arduino-libs/esp32/include/bt/host/nimble/nimble/nimble/host/services/prox/include -IC:/Users/pvtjo/.platformio/packages/framework-arduinoespressif32/tools/esp32-arduino-libs/esp32/include/bt/host/nimble/nimble/nimble/host/services/cts/include -IC:/Users/pvtjo/.platformio/packages/framework-arduinoespressif32/tools/esp32-arduino-libs/esp32/include/bt/host/nimble/nimble/nimble/host/services/tps/include -IC:/Users/pvtjo/.platformio/packages/framework-arduinoespressif32/tools/esp32-arduino-libs/esp32/include/bt/host/nimble/nimble/nimble/host/services/hid/include -IC:/Users/pvtjo/.platformio/packages/framework-arduinoespressif32/tools/esp32-arduino-libs/esp32/include/bt/host/nimble/nimble/nimble/host/services/sps/include -IC:/Users/pvtjo/.platformio/packages/framework-arduinoespressif32/tools/esp32-arduino-libs/esp32/include/bt/host/nimble/nimble/nimble/host/util/include -IC:/Users/pvtjo/.platformio/packages/framework-arduinoespressif32/tools/esp32-arduino-libs/esp32/include/bt/host/nimble/nimble/nimble/host/store/ram/include -IC:/Users/pvtjo/.platformio/packages/framework-arduinoespressif32/tools/esp32-arduino-libs/esp32/include/bt/host/nimble/nimble/nimble/host/store/config/include -IC:/Users/pvtjo/.platformio/packages/framework-arduinoespressif32/tools/esp32-arduino-libs/esp32/include/bt/host/nimble/nimble/porting/nimble/include -IC:/Users/pvtjo/.platformio/packages/framework-arduinoespressif32/tools/esp32-arduino-libs/esp32/include/bt/host/nimble/port/include -IC:/Users/pvtjo/.platformio/packages/framework-arduinoespressif32/tools/esp32-arduino-libs/esp32/include/bt/host/nimble/nimble/nimble/transport/include -IC:/Users/pvtjo/.platformio/packages/framework-arduinoespressif32/tools/esp32-arduino-libs/esp32/include/bt/porting/include -IC:/Users/pvtjo/.platformio/packages/framework-arduinoespressif32/tools/esp32-arduino-libs/esp32/include/bt/host/nimble/nimble/porting/npl/freertos/include -IC:/Users/pvtjo/.platformio/packages/framework-arduinoespressif32/tools/esp32-arduino-libs/esp32/include/bt/host/nimble/esp-hci/include -IC:/Users/pvtjo/.platformio/packages/framework-arduinoespressif32/tools/esp32-arduino-libs/esp32/include/unity/include -IC:/Users/pvtjo/.platformio/packages/framework-arduinoespressif32/tools/esp32-arduino-libs/esp32/include/unity/unity/src -IC:/Users/pvtjo/.platformio/packages/framework-arduinoespressif32/tools/esp32-arduino-libs/esp32/include/cmock/CMock/src -IC:/Users/pvtjo/.platformio/packages/framework-arduinoespressif32/tools/esp32-arduino-libs/esp32/include/console -IC:/Users/pvtjo/.platformio/packages/framework-arduinoespressif32/tools/esp32-arduino-libs/esp32/include/http_parser -IC:/Users/pvtjo/.platformio/packages/framework-arduinoespressif32/tools/esp32-arduino-libs/esp32/include/esp-tls -IC:/Users/pvtjo/.platformio/packages/framework-arduinoespressif32/tools/esp32-arduino-libs/esp32/include/esp-tls/esp-tls-crypto -IC:/Users/pvtjo/.platformio/packages/framework-arduinoespressif32/tools/esp32-arduino-libs/esp32/include/esp_adc/include -IC:/Users/pvtjo/.platformio/packages/framework-arduinoespressif32/tools/esp32-arduino-libs/esp32/include/esp_adc/interface -IC:/Users/pvtjo/.platformio/packages/framework-arduinoespressif32/tools/esp32-arduino-libs/esp32/include/esp_adc/esp32/include -IC:/Users/pvtjo/.platformio/packages/framework-arduinoespressif32/tools/esp32-arduino-libs/esp32/include/esp_adc/deprecated/include -IC:/Users/pvtjo/.platformio/packages/framework-arduinoespressif32/tools/esp32-arduino-libs/esp32/include/esp_eth/include -IC:/Users/pvtjo/.platformio/packages/framework-arduinoespressif32/tools/esp32-arduino-libs/esp32/include/esp_gdbstub/include -IC:/Users/pvtjo/.platformio/packages/framework-arduinoespressif32/tools/esp32-arduino-libs/esp32/include/esp_hid/include -IC:/Users/pvtjo/.platformio/packages/framework-arduinoespressif32/tools/esp32-arduino-libs/esp32/include/tcp_transport/include -IC:/Users/pvtjo/.platformio/packages/framework-arduinoespressif32/tools/esp32-arduino-libs/esp32/include/esp_http_client/include -IC:/Users/pvtjo/.platformio/packages/framework-arduinoespressif32/tools/esp32-arduino-libs/esp32/include/esp_http_server/include -IC:/Users/pvtjo/.platformio/packages/framework-arduinoespressif32/tools/esp32-arduino-libs/esp32/include/esp_https_ota/include -IC:/Users/pvtjo/.platformio/packages/framework-arduinoespressif32/tools/esp32-arduino-libs/esp32/include/esp_psram/include -IC:/Users/pvtjo/.platformio/packages/framework-arduinoespressif32/tools/esp32-arduino-libs/esp32/include/esp_lcd/include -IC:/Users/pvtjo/.platformio/packages/framework-arduinoespressif32/tools/esp32-arduino-libs/esp32/include/esp_lcd/interface -IC:/Users/pvtjo/.platformio/packages/framework-arduinoespressif32/tools/esp32-arduino-libs/esp32/include/protobuf-c/protobuf-c -IC:/Users/pvtjo/.platformio/packages/framework-arduinoespressif32/tools/esp32-arduino-libs/esp32/include/protocomm/include/common -IC:/Users/pvtjo/.platformio/packages/framework-arduinoespressif32/tools/esp32-arduino-libs/esp32/include/protocomm/include/security -IC:/Users/pvtjo/.platformio/packages/framework-arduinoespressif32/tools/esp32-arduino-libs/esp32/include/protocomm/include/transports -IC:/Users/pvtjo/.platformio/packages/framework-arduinoespressif32/tools/esp32-arduino-libs/esp32/include/protocomm/include/crypto/srp6a -IC:/Users/pvtjo/.platformio/packages/framework-arduinoespressif32/tools/esp32-arduino-libs/esp32/include/protocomm/proto-c -IC:/Users/pvtjo/.platformio/packages/framework-arduinoespressif32/tools/esp32-arduino-libs/esp32/include/esp_local_ctrl/include -IC:/Users/pvtjo/.platformio/packages/framework-arduinoespressif32/tools/esp32-arduino-libs/esp32/include/espcoredump/include -IC:/Users/pvtjo/.platformio/packages/framework-arduinoespressif32/tools/esp32-arduino-libs/esp32/include/espcoredump/include/port/xtensa -IC:/Users/pvtjo/.platformio/packages/framework-arduinoespressif32/tools/esp32-arduino-libs/esp32/include/wear_levelling/include -IC:/Users/pvtjo/.platformio/packages/framework-arduinoespressif32/tools/esp32-arduino-libs/esp32/include/sdmmc/include -IC:/Users/pvtjo/.platformio/packages/framework-arduinoespressif32/tools/esp32-arduino-libs/esp32/include/fatfs/diskio -IC:/Users/pvtjo/.platformio/packages/framework-arduinoespressif32/tools/esp32-arduino-libs/esp32/include/fatfs/vfs -IC:/Users/pvtjo/.platformio/packages/framework-arduinoespressif32/tools/esp32-arduino-libs/esp32/include/fatfs/src -IC:/Users/pvtjo/.platformio/packages/framework-arduinoespressif32/tools/esp32-arduino-libs/esp32/include/idf_test/include -IC:/Users/pvtjo/.platformio/packages/framework-arduinoespressif32/tools/esp32-arduino-libs/esp32/include/idf_test/include/esp32 -IC:/Users/pvtjo/.platformio/packages/framework-arduinoespressif32/tools/esp32-arduino-libs/esp32/include/ieee802154/include -IC:/Users/pvtjo/.platformio/packages/framework-arduinoespressif32/tools/esp32-arduino-libs/esp32/include/json/cJSON -IC:/Users/pvtjo/.platformio/packages/framework-arduinoespressif32/tools/esp32-arduino-libs/esp32/include/perfmon/include -IC:/Users/pvtjo/.platformio/packages/framework-arduinoespressif32/tools/esp32-arduino-libs/esp32/include/ulp/ulp_common/include -IC:/Users/pvtjo/.platformio/packages/framework-arduinoespressif32/tools/esp32-arduino-libs/esp32/include/ulp/ulp_common/include/esp32 -IC:/Users/pvtjo/.platformio/packages/framework-arduinoespressif32/tools/esp32-arduino-libs/esp32/include/ulp/ulp_fsm/include -IC:/Users/pvtjo/.platformio/packages/framework-arduinoespressif32/tools/esp32-arduino-libs/esp32/include/ulp/ulp_fsm/include/esp32 -IC:/Users/pvtjo/.platformio/packages/framework-arduinoespressif32/tools/esp32-arduino-libs/esp32/include/espressif__mdns/include -IC:/Users/pvtjo/.platformio/packages/framework-arduinoespressif32/tools/esp32-arduino-libs/esp32/include/espressif__esp-dsp/modules/dotprod/include -IC:/Users/pvtjo/.platformio/packages/framework-arduinoespressif32/tools/esp32-arduino-libs/esp32/include/espressif__esp-dsp/modules/support/include -IC:/Users/pvtjo/.platformio/packages/framework-arduinoespressif32/tools/esp32-arduino-libs/esp32/include/espressif__esp-dsp/modules/support/mem/include -IC:/Users/pvtjo/.platformio/packages/framework-arduinoespressif32/tools/esp32-arduino-libs/esp32/include/espressif__esp-dsp/modules/windows/include -IC:/Users/pvtjo/.platformio/packages/framework-arduinoespressif32/tools/esp32-arduino-libs/esp32/include/espressif__esp-dsp/modules/windows/hann/include -IC:/Users/pvtjo/.platformio/packages/framework-arduinoespressif32/tools/esp32-arduino-libs/esp32/include/espressif__esp-dsp/modules/windows/blackman/include -IC:/Users/pvtjo/.platformio/packages/framework-arduinoespressif32/tools/esp32-arduino-libs/esp32/include/espressif__esp-dsp/modules/windows/blackman_harris/include -IC:/Users/pvtjo/.platformio/packages/framework-arduinoespressif32/tools/esp32-arduino-libs/esp32/include/espressif__esp-dsp/modules/windows/blackman_nuttall/include -IC:/Users/pvtjo/.platformio/packages/framework-arduinoespressif32/tools/esp32-arduino-libs/esp32/include/espressif__esp-dsp/modules/windows/nuttall/include -IC:/Users/pvtjo/.platformio/packages/framework-arduinoespressif32/tools/esp32-arduino-libs/esp32/include/espressif__esp-dsp/modules/windows/flat_top/include -IC:/Users/pvtjo/.platformio/packages/framework-arduinoespressif32/tools/esp32-arduino-libs/esp32/include/espressif__esp-dsp/modules/iir/include -IC:/Users/pvtjo/.platformio/packages/framework-arduinoespressif32/tools/esp32-arduino-libs/esp32/include/espressif__esp-dsp/modules/fir/include -IC:/Users/pvtjo/.platformio/packages/framework-arduinoespressif32/tools/esp32-arduino-libs/esp32/include/espressif__esp-dsp/modules/math/include -IC:/Users/pvtjo/.platformio/packages/framework-arduinoespressif32/tools/esp32-arduino-libs/esp32/include/espressif__esp-dsp/modules/math/add/include -IC:/Users/pvtjo/.platformio/packages/framework-arduinoespressif32/tools/esp32-arduino-libs/esp32/include/espressif__esp-dsp/modules/math/sub/include -IC:/Users/pvtjo/.platformio/packages/framework-arduinoespressif32/tools/esp32-arduino-libs/esp32/include/espressif__esp-dsp/modules/math/mul/include -IC:/Users/pvtjo/.platformio/packages/framework-arduinoespressif32/tools/esp32-arduino-libs/esp32/include/espressif__esp-dsp/modules/math/addc/include -IC:/Users/pvtjo/.platformio/packages/framework-arduinoespressif32/tools/esp32-arduino-libs/esp32/include/espressif__esp-dsp/modules/math/mulc/include -IC:/Users/pvtjo/.platformio/packages/framework-arduinoespressif32/tools/esp32-arduino-libs/esp32/include/espressif__esp-dsp/modules/math/sqrt/include -IC:/Users/pvtjo/.platformio/packages/framework-arduinoespressif32/tools/esp32-arduino-libs/esp32/include/espressif__esp-dsp/modules/matrix/mul/include -IC:/Users/pvtjo/.platformio/packages/framework-arduinoespressif32/tools/esp32-arduino-libs/esp32/include/espressif__esp-dsp/modules/matrix/add/include -IC:/Users/pvtjo/.platformio/packages/framework-arduinoespressif32/tools/esp32-arduino-libs/esp32/include/espressif__esp-dsp/modules/matrix/addc/include -IC:/Users/pvtjo/.platformio/packages/framework-arduinoespressif32/tools/esp32-arduino-libs/esp32/include/espressif__esp-dsp/modules/matrix/mulc/include -IC:/Users/pvtjo/.platformio/packages/framework-arduinoespressif32/tools/esp32-arduino-libs/esp32/include/espressif__esp-dsp/modules/matrix/sub/include -IC:/Users/pvtjo/.platformio/packages/framework-arduinoespressif32/tools/esp32-arduino-libs/esp32/include/espressif__esp-dsp/modules/matrix/include -IC:/Users/pvtjo/.platformio/packages/framework-arduinoespressif32/tools/esp32-arduino-libs/esp32/include/espressif__esp-dsp/modules/fft/include -IC:/Users/pvtjo/.platformio/packages/framework-arduinoespressif32/tools/esp32-arduino-libs/esp32/include/espressif__esp-dsp/modules/dct/include -IC:/Users/pvtjo/.platformio/packages/framework-arduinoespressif32/tools/esp32-arduino-libs/esp32/include/espressif__esp-dsp/modules/conv/include -IC:/Users/pvtjo/.platformio/packages/framework-arduinoespressif32/tools/esp32-arduino-libs/esp32/include/espressif__esp-dsp/modules/common/include -IC:/Users/pvtjo/.platformio/packages/framework-arduinoespressif32/tools/esp32-arduino-libs/esp32/include/espressif__esp-dsp/modules/matrix/mul/test/include -IC:/Users/pvtjo/.platformio/packages/framework-arduinoespressif32/tools/esp32-arduino-libs/esp32/include/espressif__esp-dsp/modules/kalman/ekf/include -IC:/Users/pvtjo/.platformio/packages/framework-arduinoespressif32/tools/esp32-arduino-libs/esp32/include/espressif__esp-dsp/modules/kalman/ekf_imu13states/include -IC:/Users/pvtjo/.platformio/packages/framework-arduinoespressif32/tools/esp32-arduino-libs/esp32/include/espressif__esp_modem/include -IC:/Users/pvtjo/.platformio/packages/framework-arduinoespressif32/tools/esp32-arduino-libs/esp32/include/joltwallet__littlefs/include -IC:/Users/pvtjo/.platformio/packages/framework-arduinoespressif32/tools/esp32-arduino-libs/esp32/include/fb_gfx/include -IC:/Users/pvtjo/.platformio/packages/framework-arduinoespressif32/tools/esp32-arduino-libs/esp32/dio_qspi/include -IC:/Users/pvtjo/.platformio/packages/framework-arduinoespressif32/cores/esp32 -Ivariants/tasmota/esp32 tasmota/tasmota.ino.cpp
xtensa-esp32-elf-g++ @C:\SW\T-1000_V2\.pio\build\tasmota32\tmpqpfosyve.tmp
In file included from lib/libesp32/HttpClientLight/src/HTTPUpdateLight.h:35,
                 from C:/SW/T-1000_V2/tasmota/tasmota.ino:48:
lib/libesp32/HttpClientLight/src/TasUpdate.h:26: warning: "U_SPIFFS" redefined
   26 | #define U_SPIFFS  101
      | 
In file included from C:/Users/pvtjo/.platformio/packages/framework-arduinoespressif32/libraries/HTTPUpdate/src/HTTPUpdate.h:32,
                 from lib/libesp32/ESP32-to-ESP8266-compat/src/ESP8266httpUpdate.h:4,
                 from C:/SW/T-1000_V2/tasmota/tasmota.ino:45:
C:/Users/pvtjo/.platformio/packages/framework-arduinoespressif32/libraries/Update/src/Update.h:32: note: this is the location of the previous definition
   32 | #define U_SPIFFS 100
      | 
Using tempfile C:\SW\T-1000_V2\.pio\build\tasmota32\tmpj2ilz1c0.tmp for command line:
xtensa-esp32-elf-gcc -o .pio/build/tasmota32/lib894/berry_custom/be_custom_module.c.o -c -Wno-discarded-qualifiers -Wno-implicit-function-declaration -Wno-incompatible-pointer-types -Wno-frame-address -std=gnu17 -Wno-old-style-declaration -Wno-deprecated-declarations -free -fipa-pta -Wreturn-type -mno-target-align -Wno-switch-unreachable -Wno-stringop-overflow -fno-exceptions -flto=auto -include sdkconfig.h -include esp32x_fixes.h -Os -mlongcalls -ffunction-sections -fdata-sections -Wno-error=unused-function -Wno-error=unused-variable -Wno-error=unused-but-set-variable -Wno-error=deprecated-declarations -Wno-unused-parameter -Wno-sign-compare -Wno-enum-conversion -gdwarf-4 -ggdb -freorder-blocks -fstrict-volatile-bitfields -fno-jump-tables -fno-tree-switch-conversion -MMD -includetasmota_options.h -DPLATFORMIO=60119 -DARDUINO_TASMOTA -DBOARD_HAS_PSRAM -DESP32_4M -DCORE_DEBUG_LEVEL=0 -DTASMOTA -DUSE_CONFIG_OVERRIDE -DUSE_IPV6 -DBUFFER_LENGTH=128 -DHTTP_UPLOAD_BUFLEN=2048 -DMQTT_MAX_PACKET_SIZE=1200 -Duint32=uint32_t -Duint16=uint16_t -Duint8=uint8_t -Dsint8_t=int8_t -Dsint32_t=int32_t -Dsint16_t=int16_t -Dmemcpy_P=memcpy -Dmemcmp_P=memcmp -DUSE_4K_RSA -DFIRMWARE_TASMOTA32 -DOTA_URL=\"http://ota.tasmota.com/tasmota32/release/tasmota32.bin\" -DESP_PLATFORM -DIDF_VER=\"5.1.4.240702\" -DLFS_MULTIVERSION -DMBEDTLS_CONFIG_FILE=\"mbedtls/esp_config.h\" -DNDEBUG -DSOC_MMU_PAGE_SIZE=CONFIG_MMU_PAGE_SIZE -DUNITY_INCLUDE_CONFIG_H -D_GNU_SOURCE -D_POSIX_READER_WRITER_LOCKS -DconfigENABLE_FREERTOS_DEBUG_OCDAWARE=1 -DARDUINO_ARCH_ESP32 -DESP32 -DF_CPU=160000000L -DARDUINO=10812 -DARDUINO_VARIANT=\"esp32\" "-DARDUINO_BOARD=\"Espressif Generic ESP32 >= 4M Flash PSRAM, Tasmota 2880k Code/OTA, 320k FS\"" -DARDUINO_PARTITION_esp32_partition_app2880k_fs320k -Ilib/libesp32/re1.5 -Ilib/libesp32/berry_custom/src -Ilib/libesp32/berry_mapping/src -Ilib/libesp32/berry/generate -Ilib/libesp32/berry/src -Itasmota -Iinclude -IC:/Users/pvtjo/.platformio/packages/framework-arduinoespressif32/tools/esp32-arduino-libs/esp32/include/newlib/platform_include -IC:/Users/pvtjo/.platformio/packages/framework-arduinoespressif32/tools/esp32-arduino-libs/esp32/include/freertos/FreeRTOS-Kernel/include -IC:/Users/pvtjo/.platformio/packages/framework-arduinoespressif32/tools/esp32-arduino-libs/esp32/include/freertos/FreeRTOS-Kernel/portable/xtensa/include -IC:/Users/pvtjo/.platformio/packages/framework-arduinoespressif32/tools/esp32-arduino-libs/esp32/include/freertos/esp_additions/include/freertos -IC:/Users/pvtjo/.platformio/packages/framework-arduinoespressif32/tools/esp32-arduino-libs/esp32/include/freertos/esp_additions/include -IC:/Users/pvtjo/.platformio/packages/framework-arduinoespressif32/tools/esp32-arduino-libs/esp32/include/freertos/esp_additions/arch/xtensa/include -IC:/Users/pvtjo/.platformio/packages/framework-arduinoespressif32/tools/esp32-arduino-libs/esp32/include/esp_hw_support/include -IC:/Users/pvtjo/.platformio/packages/framework-arduinoespressif32/tools/esp32-arduino-libs/esp32/include/esp_hw_support/include/soc -IC:/Users/pvtjo/.platformio/packages/framework-arduinoespressif32/tools/esp32-arduino-libs/esp32/include/esp_hw_support/include/soc/esp32 -IC:/Users/pvtjo/.platformio/packages/framework-arduinoespressif32/tools/esp32-arduino-libs/esp32/include/esp_hw_support/port/esp32 -IC:/Users/pvtjo/.platformio/packages/framework-arduinoespressif32/tools/esp32-arduino-libs/esp32/include/heap/include -IC:/Users/pvtjo/.platformio/packages/framework-arduinoespressif32/tools/esp32-arduino-libs/esp32/include/log/include -IC:/Users/pvtjo/.platformio/packages/framework-arduinoespressif32/tools/esp32-arduino-libs/esp32/include/soc/include -IC:/Users/pvtjo/.platformio/packages/framework-arduinoespressif32/tools/esp32-arduino-libs/esp32/include/soc/esp32 -IC:/Users/pvtjo/.platformio/packages/framework-arduinoespressif32/tools/esp32-arduino-libs/esp32/include/soc/esp32/include -IC:/Users/pvtjo/.platformio/packages/framework-arduinoespressif32/tools/esp32-arduino-libs/esp32/include/hal/esp32/include -IC:/Users/pvtjo/.platformio/packages/framework-arduinoespressif32/tools/esp32-arduino-libs/esp32/include/hal/include -IC:/Users/pvtjo/.platformio/packages/framework-arduinoespressif32/tools/esp32-arduino-libs/esp32/include/hal/platform_port/include -IC:/Users/pvtjo/.platformio/packages/framework-arduinoespressif32/tools/esp32-arduino-libs/esp32/include/esp_rom/include -IC:/Users/pvtjo/.platformio/packages/framework-arduinoespressif32/tools/esp32-arduino-libs/esp32/include/esp_rom/include/esp32 -IC:/Users/pvtjo/.platformio/packages/framework-arduinoespressif32/tools/esp32-arduino-libs/esp32/include/esp_rom/esp32 -IC:/Users/pvtjo/.platformio/packages/framework-arduinoespressif32/tools/esp32-arduino-libs/esp32/include/esp_common/include -IC:/Users/pvtjo/.platformio/packages/framework-arduinoespressif32/tools/esp32-arduino-libs/esp32/include/esp_system/include -IC:/Users/pvtjo/.platformio/packages/framework-arduinoespressif32/tools/esp32-arduino-libs/esp32/include/esp_system/port/soc -IC:/Users/pvtjo/.platformio/packages/framework-arduinoespressif32/tools/esp32-arduino-libs/esp32/include/esp_system/port/include/private -IC:/Users/pvtjo/.platformio/packages/framework-arduinoespressif32/tools/esp32-arduino-libs/esp32/include/xtensa/include -IC:/Users/pvtjo/.platformio/packages/framework-arduinoespressif32/tools/esp32-arduino-libs/esp32/include/xtensa/esp32/include -IC:/Users/pvtjo/.platformio/packages/framework-arduinoespressif32/tools/esp32-arduino-libs/esp32/include/lwip/include -IC:/Users/pvtjo/.platformio/packages/framework-arduinoespressif32/tools/esp32-arduino-libs/esp32/include/lwip/include/apps -IC:/Users/pvtjo/.platformio/packages/framework-arduinoespressif32/tools/esp32-arduino-libs/esp32/include/lwip/include/apps/sntp -IC:/Users/pvtjo/.platformio/packages/framework-arduinoespressif32/tools/esp32-arduino-libs/esp32/include/lwip/lwip/src/include -IC:/Users/pvtjo/.platformio/packages/framework-arduinoespressif32/tools/esp32-arduino-libs/esp32/include/lwip/port/include -IC:/Users/pvtjo/.platformio/packages/framework-arduinoespressif32/tools/esp32-arduino-libs/esp32/include/lwip/port/freertos/include -IC:/Users/pvtjo/.platformio/packages/framework-arduinoespressif32/tools/esp32-arduino-libs/esp32/include/lwip/port/esp32xx/include -IC:/Users/pvtjo/.platformio/packages/framework-arduinoespressif32/tools/esp32-arduino-libs/esp32/include/lwip/port/esp32xx/include/arch -IC:/Users/pvtjo/.platformio/packages/framework-arduinoespressif32/tools/esp32-arduino-libs/esp32/include/espressif__esp32-camera/driver/include -IC:/Users/pvtjo/.platformio/packages/framework-arduinoespressif32/tools/esp32-arduino-libs/esp32/include/espressif__esp32-camera/conversions/include -IC:/Users/pvtjo/.platformio/packages/framework-arduinoespressif32/tools/esp32-arduino-libs/esp32/include/driver/include -IC:/Users/pvtjo/.platformio/packages/framework-arduinoespressif32/tools/esp32-arduino-libs/esp32/include/driver/deprecated -IC:/Users/pvtjo/.platformio/packages/framework-arduinoespressif32/tools/esp32-arduino-libs/esp32/include/driver/analog_comparator/include -IC:/Users/pvtjo/.platformio/packages/framework-arduinoespressif32/tools/esp32-arduino-libs/esp32/include/driver/dac/include -IC:/Users/pvtjo/.platformio/packages/framework-arduinoespressif32/tools/esp32-arduino-libs/esp32/include/driver/gpio/include -IC:/Users/pvtjo/.platformio/packages/framework-arduinoespressif32/tools/esp32-arduino-libs/esp32/include/driver/gptimer/include -IC:/Users/pvtjo/.platformio/packages/framework-arduinoespressif32/tools/esp32-arduino-libs/esp32/include/driver/i2c/include -IC:/Users/pvtjo/.platformio/packages/framework-arduinoespressif32/tools/esp32-arduino-libs/esp32/include/driver/i2s/include -IC:/Users/pvtjo/.platformio/packages/framework-arduinoespressif32/tools/esp32-arduino-libs/esp32/include/driver/ledc/include -IC:/Users/pvtjo/.platformio/packages/framework-arduinoespressif32/tools/esp32-arduino-libs/esp32/include/driver/mcpwm/include -IC:/Users/pvtjo/.platformio/packages/framework-arduinoespressif32/tools/esp32-arduino-libs/esp32/include/driver/parlio/include -IC:/Users/pvtjo/.platformio/packages/framework-arduinoespressif32/tools/esp32-arduino-libs/esp32/include/driver/pcnt/include -IC:/Users/pvtjo/.platformio/packages/framework-arduinoespressif32/tools/esp32-arduino-libs/esp32/include/driver/rmt/include -IC:/Users/pvtjo/.platformio/packages/framework-arduinoespressif32/tools/esp32-arduino-libs/esp32/include/driver/sdio_slave/include -IC:/Users/pvtjo/.platformio/packages/framework-arduinoespressif32/tools/esp32-arduino-libs/esp32/include/driver/sdmmc/include -IC:/Users/pvtjo/.platformio/packages/framework-arduinoespressif32/tools/esp32-arduino-libs/esp32/include/driver/sigma_delta/include -IC:/Users/pvtjo/.platformio/packages/framework-arduinoespressif32/tools/esp32-arduino-libs/esp32/include/driver/spi/include -IC:/Users/pvtjo/.platformio/packages/framework-arduinoespressif32/tools/esp32-arduino-libs/esp32/include/driver/temperature_sensor/include -IC:/Users/pvtjo/.platformio/packages/framework-arduinoespressif32/tools/esp32-arduino-libs/esp32/include/driver/touch_sensor/include -IC:/Users/pvtjo/.platformio/packages/framework-arduinoespressif32/tools/esp32-arduino-libs/esp32/include/driver/twai/include -IC:/Users/pvtjo/.platformio/packages/framework-arduinoespressif32/tools/esp32-arduino-libs/esp32/include/driver/uart/include -IC:/Users/pvtjo/.platformio/packages/framework-arduinoespressif32/tools/esp32-arduino-libs/esp32/include/driver/usb_serial_jtag/include -IC:/Users/pvtjo/.platformio/packages/framework-arduinoespressif32/tools/esp32-arduino-libs/esp32/include/driver/touch_sensor/esp32/include -IC:/Users/pvtjo/.platformio/packages/framework-arduinoespressif32/tools/esp32-arduino-libs/esp32/include/esp_pm/include -IC:/Users/pvtjo/.platformio/packages/framework-arduinoespressif32/tools/esp32-arduino-libs/esp32/include/esp_ringbuf/include -IC:/Users/pvtjo/.platformio/packages/framework-arduinoespressif32/tools/esp32-arduino-libs/esp32/include/efuse/include -IC:/Users/pvtjo/.platformio/packages/framework-arduinoespressif32/tools/esp32-arduino-libs/esp32/include/efuse/esp32/include -IC:/Users/pvtjo/.platformio/packages/framework-arduinoespressif32/tools/esp32-arduino-libs/esp32/include/mbedtls/port/include -IC:/Users/pvtjo/.platformio/packages/framework-arduinoespressif32/tools/esp32-arduino-libs/esp32/include/mbedtls/mbedtls/include -IC:/Users/pvtjo/.platformio/packages/framework-arduinoespressif32/tools/esp32-arduino-libs/esp32/include/mbedtls/mbedtls/library -IC:/Users/pvtjo/.platformio/packages/framework-arduinoespressif32/tools/esp32-arduino-libs/esp32/include/mbedtls/esp_crt_bundle/include -IC:/Users/pvtjo/.platformio/packages/framework-arduinoespressif32/tools/esp32-arduino-libs/esp32/include/mbedtls/mbedtls/3rdparty/everest/include -IC:/Users/pvtjo/.platformio/packages/framework-arduinoespressif32/tools/esp32-arduino-libs/esp32/include/mbedtls/mbedtls/3rdparty/p256-m -IC:/Users/pvtjo/.platformio/packages/framework-arduinoespressif32/tools/esp32-arduino-libs/esp32/include/mbedtls/mbedtls/3rdparty/p256-m/p256-m -IC:/Users/pvtjo/.platformio/packages/framework-arduinoespressif32/tools/esp32-arduino-libs/esp32/include/esp_app_format/include -IC:/Users/pvtjo/.platformio/packages/framework-arduinoespressif32/tools/esp32-arduino-libs/esp32/include/bootloader_support/include -IC:/Users/pvtjo/.platformio/packages/framework-arduinoespressif32/tools/esp32-arduino-libs/esp32/include/bootloader_support/bootloader_flash/include -IC:/Users/pvtjo/.platformio/packages/framework-arduinoespressif32/tools/esp32-arduino-libs/esp32/include/esp_partition/include -IC:/Users/pvtjo/.platformio/packages/framework-arduinoespressif32/tools/esp32-arduino-libs/esp32/include/app_update/include -IC:/Users/pvtjo/.platformio/packages/framework-arduinoespressif32/tools/esp32-arduino-libs/esp32/include/esp_mm/include -IC:/Users/pvtjo/.platformio/packages/framework-arduinoespressif32/tools/esp32-arduino-libs/esp32/include/spi_flash/include -IC:/Users/pvtjo/.platformio/packages/framework-arduinoespressif32/tools/esp32-arduino-libs/esp32/include/pthread/include -IC:/Users/pvtjo/.platformio/packages/framework-arduinoespressif32/tools/esp32-arduino-libs/esp32/include/esp_timer/include -IC:/Users/pvtjo/.platformio/packages/framework-arduinoespressif32/tools/esp32-arduino-libs/esp32/include/app_trace/include -IC:/Users/pvtjo/.platformio/packages/framework-arduinoespressif32/tools/esp32-arduino-libs/esp32/include/esp_event/include -IC:/Users/pvtjo/.platformio/packages/framework-arduinoespressif32/tools/esp32-arduino-libs/esp32/include/nvs_flash/include -IC:/Users/pvtjo/.platformio/packages/framework-arduinoespressif32/tools/esp32-arduino-libs/esp32/include/esp_phy/include -IC:/Users/pvtjo/.platformio/packages/framework-arduinoespressif32/tools/esp32-arduino-libs/esp32/include/esp_phy/esp32/include -IC:/Users/pvtjo/.platformio/packages/framework-arduinoespressif32/tools/esp32-arduino-libs/esp32/include/vfs/include -IC:/Users/pvtjo/.platformio/packages/framework-arduinoespressif32/tools/esp32-arduino-libs/esp32/include/esp_netif/include -IC:/Users/pvtjo/.platformio/packages/framework-arduinoespressif32/tools/esp32-arduino-libs/esp32/include/wpa_supplicant/include -IC:/Users/pvtjo/.platformio/packages/framework-arduinoespressif32/tools/esp32-arduino-libs/esp32/include/wpa_supplicant/port/include -IC:/Users/pvtjo/.platformio/packages/framework-arduinoespressif32/tools/esp32-arduino-libs/esp32/include/wpa_supplicant/esp_supplicant/include -IC:/Users/pvtjo/.platformio/packages/framework-arduinoespressif32/tools/esp32-arduino-libs/esp32/include/esp_coex/include -IC:/Users/pvtjo/.platformio/packages/framework-arduinoespressif32/tools/esp32-arduino-libs/esp32/include/esp_wifi/include -IC:/Users/pvtjo/.platformio/packages/framework-arduinoespressif32/tools/esp32-arduino-libs/esp32/include/esp_wifi/wifi_apps/include -IC:/Users/pvtjo/.platformio/packages/framework-arduinoespressif32/tools/esp32-arduino-libs/esp32/include/bt/include/esp32/include -IC:/Users/pvtjo/.platformio/packages/framework-arduinoespressif32/tools/esp32-arduino-libs/esp32/include/bt/common/osi/include -IC:/Users/pvtjo/.platformio/packages/framework-arduinoespressif32/tools/esp32-arduino-libs/esp32/include/bt/common/api/include/api -IC:/Users/pvtjo/.platformio/packages/framework-arduinoespressif32/tools/esp32-arduino-libs/esp32/include/bt/common/btc/profile/esp/blufi/include -IC:/Users/pvtjo/.platformio/packages/framework-arduinoespressif32/tools/esp32-arduino-libs/esp32/include/bt/common/btc/profile/esp/include -IC:/Users/pvtjo/.platformio/packages/framework-arduinoespressif32/tools/esp32-arduino-libs/esp32/include/bt/common/hci_log/include -IC:/Users/pvtjo/.platformio/packages/framework-arduinoespressif32/tools/esp32-arduino-libs/esp32/include/bt/porting/ext/tinycrypt/include -IC:/Users/pvtjo/.platformio/packages/framework-arduinoespressif32/tools/esp32-arduino-libs/esp32/include/bt/host/nimble/nimble/nimble/host/include -IC:/Users/pvtjo/.platformio/packages/framework-arduinoespressif32/tools/esp32-arduino-libs/esp32/include/bt/host/nimble/nimble/nimble/include -IC:/Users/pvtjo/.platformio/packages/framework-arduinoespressif32/tools/esp32-arduino-libs/esp32/include/bt/host/nimble/nimble/nimble/host/services/ans/include -IC:/Users/pvtjo/.platformio/packages/framework-arduinoespressif32/tools/esp32-arduino-libs/esp32/include/bt/host/nimble/nimble/nimble/host/services/bas/include -IC:/Users/pvtjo/.platformio/packages/framework-arduinoespressif32/tools/esp32-arduino-libs/esp32/include/bt/host/nimble/nimble/nimble/host/services/dis/include -IC:/Users/pvtjo/.platformio/packages/framework-arduinoespressif32/tools/esp32-arduino-libs/esp32/include/bt/host/nimble/nimble/nimble/host/services/gap/include -IC:/Users/pvtjo/.platformio/packages/framework-arduinoespressif32/tools/esp32-arduino-libs/esp32/include/bt/host/nimble/nimble/nimble/host/services/gatt/include -IC:/Users/pvtjo/.platformio/packages/framework-arduinoespressif32/tools/esp32-arduino-libs/esp32/include/bt/host/nimble/nimble/nimble/host/services/hr/include -IC:/Users/pvtjo/.platformio/packages/framework-arduinoespressif32/tools/esp32-arduino-libs/esp32/include/bt/host/nimble/nimble/nimble/host/services/htp/include -IC:/Users/pvtjo/.platformio/packages/framework-arduinoespressif32/tools/esp32-arduino-libs/esp32/include/bt/host/nimble/nimble/nimble/host/services/ias/include -IC:/Users/pvtjo/.platformio/packages/framework-arduinoespressif32/tools/esp32-arduino-libs/esp32/include/bt/host/nimble/nimble/nimble/host/services/ipss/include -IC:/Users/pvtjo/.platformio/packages/framework-arduinoespressif32/tools/esp32-arduino-libs/esp32/include/bt/host/nimble/nimble/nimble/host/services/lls/include -IC:/Users/pvtjo/.platformio/packages/framework-arduinoespressif32/tools/esp32-arduino-libs/esp32/include/bt/host/nimble/nimble/nimble/host/services/prox/include -IC:/Users/pvtjo/.platformio/packages/framework-arduinoespressif32/tools/esp32-arduino-libs/esp32/include/bt/host/nimble/nimble/nimble/host/services/cts/include -IC:/Users/pvtjo/.platformio/packages/framework-arduinoespressif32/tools/esp32-arduino-libs/esp32/include/bt/host/nimble/nimble/nimble/host/services/tps/include -IC:/Users/pvtjo/.platformio/packages/framework-arduinoespressif32/tools/esp32-arduino-libs/esp32/include/bt/host/nimble/nimble/nimble/host/services/hid/include -IC:/Users/pvtjo/.platformio/packages/framework-arduinoespressif32/tools/esp32-arduino-libs/esp32/include/bt/host/nimble/nimble/nimble/host/services/sps/include -IC:/Users/pvtjo/.platformio/packages/framework-arduinoespressif32/tools/esp32-arduino-libs/esp32/include/bt/host/nimble/nimble/nimble/host/util/include -IC:/Users/pvtjo/.platformio/packages/framework-arduinoespressif32/tools/esp32-arduino-libs/esp32/include/bt/host/nimble/nimble/nimble/host/store/ram/include -IC:/Users/pvtjo/.platformio/packages/framework-arduinoespressif32/tools/esp32-arduino-libs/esp32/include/bt/host/nimble/nimble/nimble/host/store/config/include -IC:/Users/pvtjo/.platformio/packages/framework-arduinoespressif32/tools/esp32-arduino-libs/esp32/include/bt/host/nimble/nimble/porting/nimble/include -IC:/Users/pvtjo/.platformio/packages/framework-arduinoespressif32/tools/esp32-arduino-libs/esp32/include/bt/host/nimble/port/include -IC:/Users/pvtjo/.platformio/packages/framework-arduinoespressif32/tools/esp32-arduino-libs/esp32/include/bt/host/nimble/nimble/nimble/transport/include -IC:/Users/pvtjo/.platformio/packages/framework-arduinoespressif32/tools/esp32-arduino-libs/esp32/include/bt/porting/include -IC:/Users/pvtjo/.platformio/packages/framework-arduinoespressif32/tools/esp32-arduino-libs/esp32/include/bt/host/nimble/nimble/porting/npl/freertos/include -IC:/Users/pvtjo/.platformio/packages/framework-arduinoespressif32/tools/esp32-arduino-libs/esp32/include/bt/host/nimble/esp-hci/include -IC:/Users/pvtjo/.platformio/packages/framework-arduinoespressif32/tools/esp32-arduino-libs/esp32/include/unity/include -IC:/Users/pvtjo/.platformio/packages/framework-arduinoespressif32/tools/esp32-arduino-libs/esp32/include/unity/unity/src -IC:/Users/pvtjo/.platformio/packages/framework-arduinoespressif32/tools/esp32-arduino-libs/esp32/include/cmock/CMock/src -IC:/Users/pvtjo/.platformio/packages/framework-arduinoespressif32/tools/esp32-arduino-libs/esp32/include/console -IC:/Users/pvtjo/.platformio/packages/framework-arduinoespressif32/tools/esp32-arduino-libs/esp32/include/http_parser -IC:/Users/pvtjo/.platformio/packages/framework-arduinoespressif32/tools/esp32-arduino-libs/esp32/include/esp-tls -IC:/Users/pvtjo/.platformio/packages/framework-arduinoespressif32/tools/esp32-arduino-libs/esp32/include/esp-tls/esp-tls-crypto -IC:/Users/pvtjo/.platformio/packages/framework-arduinoespressif32/tools/esp32-arduino-libs/esp32/include/esp_adc/include -IC:/Users/pvtjo/.platformio/packages/framework-arduinoespressif32/tools/esp32-arduino-libs/esp32/include/esp_adc/interface -IC:/Users/pvtjo/.platformio/packages/framework-arduinoespressif32/tools/esp32-arduino-libs/esp32/include/esp_adc/esp32/include -IC:/Users/pvtjo/.platformio/packages/framework-arduinoespressif32/tools/esp32-arduino-libs/esp32/include/esp_adc/deprecated/include -IC:/Users/pvtjo/.platformio/packages/framework-arduinoespressif32/tools/esp32-arduino-libs/esp32/include/esp_eth/include -IC:/Users/pvtjo/.platformio/packages/framework-arduinoespressif32/tools/esp32-arduino-libs/esp32/include/esp_gdbstub/include -IC:/Users/pvtjo/.platformio/packages/framework-arduinoespressif32/tools/esp32-arduino-libs/esp32/include/esp_hid/include -IC:/Users/pvtjo/.platformio/packages/framework-arduinoespressif32/tools/esp32-arduino-libs/esp32/include/tcp_transport/include -IC:/Users/pvtjo/.platformio/packages/framework-arduinoespressif32/tools/esp32-arduino-libs/esp32/include/esp_http_client/include -IC:/Users/pvtjo/.platformio/packages/framework-arduinoespressif32/tools/esp32-arduino-libs/esp32/include/esp_http_server/include -IC:/Users/pvtjo/.platformio/packages/framework-arduinoespressif32/tools/esp32-arduino-libs/esp32/include/esp_https_ota/include -IC:/Users/pvtjo/.platformio/packages/framework-arduinoespressif32/tools/esp32-arduino-libs/esp32/include/esp_psram/include -IC:/Users/pvtjo/.platformio/packages/framework-arduinoespressif32/tools/esp32-arduino-libs/esp32/include/esp_lcd/include -IC:/Users/pvtjo/.platformio/packages/framework-arduinoespressif32/tools/esp32-arduino-libs/esp32/include/esp_lcd/interface -IC:/Users/pvtjo/.platformio/packages/framework-arduinoespressif32/tools/esp32-arduino-libs/esp32/include/protobuf-c/protobuf-c -IC:/Users/pvtjo/.platformio/packages/framework-arduinoespressif32/tools/esp32-arduino-libs/esp32/include/protocomm/include/common -IC:/Users/pvtjo/.platformio/packages/framework-arduinoespressif32/tools/esp32-arduino-libs/esp32/include/protocomm/include/security -IC:/Users/pvtjo/.platformio/packages/framework-arduinoespressif32/tools/esp32-arduino-libs/esp32/include/protocomm/include/transports -IC:/Users/pvtjo/.platformio/packages/framework-arduinoespressif32/tools/esp32-arduino-libs/esp32/include/protocomm/include/crypto/srp6a -IC:/Users/pvtjo/.platformio/packages/framework-arduinoespressif32/tools/esp32-arduino-libs/esp32/include/protocomm/proto-c -IC:/Users/pvtjo/.platformio/packages/framework-arduinoespressif32/tools/esp32-arduino-libs/esp32/include/esp_local_ctrl/include -IC:/Users/pvtjo/.platformio/packages/framework-arduinoespressif32/tools/esp32-arduino-libs/esp32/include/espcoredump/include -IC:/Users/pvtjo/.platformio/packages/framework-arduinoespressif32/tools/esp32-arduino-libs/esp32/include/espcoredump/include/port/xtensa -IC:/Users/pvtjo/.platformio/packages/framework-arduinoespressif32/tools/esp32-arduino-libs/esp32/include/wear_levelling/include -IC:/Users/pvtjo/.platformio/packages/framework-arduinoespressif32/tools/esp32-arduino-libs/esp32/include/sdmmc/include -IC:/Users/pvtjo/.platformio/packages/framework-arduinoespressif32/tools/esp32-arduino-libs/esp32/include/fatfs/diskio -IC:/Users/pvtjo/.platformio/packages/framework-arduinoespressif32/tools/esp32-arduino-libs/esp32/include/fatfs/vfs -IC:/Users/pvtjo/.platformio/packages/framework-arduinoespressif32/tools/esp32-arduino-libs/esp32/include/fatfs/src -IC:/Users/pvtjo/.platformio/packages/framework-arduinoespressif32/tools/esp32-arduino-libs/esp32/include/idf_test/include -IC:/Users/pvtjo/.platformio/packages/framework-arduinoespressif32/tools/esp32-arduino-libs/esp32/include/idf_test/include/esp32 -IC:/Users/pvtjo/.platformio/packages/framework-arduinoespressif32/tools/esp32-arduino-libs/esp32/include/ieee802154/include -IC:/Users/pvtjo/.platformio/packages/framework-arduinoespressif32/tools/esp32-arduino-libs/esp32/include/json/cJSON -IC:/Users/pvtjo/.platformio/packages/framework-arduinoespressif32/tools/esp32-arduino-libs/esp32/include/perfmon/include -IC:/Users/pvtjo/.platformio/packages/framework-arduinoespressif32/tools/esp32-arduino-libs/esp32/include/ulp/ulp_common/include -IC:/Users/pvtjo/.platformio/packages/framework-arduinoespressif32/tools/esp32-arduino-libs/esp32/include/ulp/ulp_common/include/esp32 -IC:/Users/pvtjo/.platformio/packages/framework-arduinoespressif32/tools/esp32-arduino-libs/esp32/include/ulp/ulp_fsm/include -IC:/Users/pvtjo/.platformio/packages/framework-arduinoespressif32/tools/esp32-arduino-libs/esp32/include/ulp/ulp_fsm/include/esp32 -IC:/Users/pvtjo/.platformio/packages/framework-arduinoespressif32/tools/esp32-arduino-libs/esp32/include/espressif__mdns/include -IC:/Users/pvtjo/.platformio/packages/framework-arduinoespressif32/tools/esp32-arduino-libs/esp32/include/espressif__esp-dsp/modules/dotprod/include -IC:/Users/pvtjo/.platformio/packages/framework-arduinoespressif32/tools/esp32-arduino-libs/esp32/include/espressif__esp-dsp/modules/support/include -IC:/Users/pvtjo/.platformio/packages/framework-arduinoespressif32/tools/esp32-arduino-libs/esp32/include/espressif__esp-dsp/modules/support/mem/include -IC:/Users/pvtjo/.platformio/packages/framework-arduinoespressif32/tools/esp32-arduino-libs/esp32/include/espressif__esp-dsp/modules/windows/include -IC:/Users/pvtjo/.platformio/packages/framework-arduinoespressif32/tools/esp32-arduino-libs/esp32/include/espressif__esp-dsp/modules/windows/hann/include -IC:/Users/pvtjo/.platformio/packages/framework-arduinoespressif32/tools/esp32-arduino-libs/esp32/include/espressif__esp-dsp/modules/windows/blackman/include -IC:/Users/pvtjo/.platformio/packages/framework-arduinoespressif32/tools/esp32-arduino-libs/esp32/include/espressif__esp-dsp/modules/windows/blackman_harris/include -IC:/Users/pvtjo/.platformio/packages/framework-arduinoespressif32/tools/esp32-arduino-libs/esp32/include/espressif__esp-dsp/modules/windows/blackman_nuttall/include -IC:/Users/pvtjo/.platformio/packages/framework-arduinoespressif32/tools/esp32-arduino-libs/esp32/include/espressif__esp-dsp/modules/windows/nuttall/include -IC:/Users/pvtjo/.platformio/packages/framework-arduinoespressif32/tools/esp32-arduino-libs/esp32/include/espressif__esp-dsp/modules/windows/flat_top/include -IC:/Users/pvtjo/.platformio/packages/framework-arduinoespressif32/tools/esp32-arduino-libs/esp32/include/espressif__esp-dsp/modules/iir/include -IC:/Users/pvtjo/.platformio/packages/framework-arduinoespressif32/tools/esp32-arduino-libs/esp32/include/espressif__esp-dsp/modules/fir/include -IC:/Users/pvtjo/.platformio/packages/framework-arduinoespressif32/tools/esp32-arduino-libs/esp32/include/espressif__esp-dsp/modules/math/include -IC:/Users/pvtjo/.platformio/packages/framework-arduinoespressif32/tools/esp32-arduino-libs/esp32/include/espressif__esp-dsp/modules/math/add/include -IC:/Users/pvtjo/.platformio/packages/framework-arduinoespressif32/tools/esp32-arduino-libs/esp32/include/espressif__esp-dsp/modules/math/sub/include -IC:/Users/pvtjo/.platformio/packages/framework-arduinoespressif32/tools/esp32-arduino-libs/esp32/include/espressif__esp-dsp/modules/math/mul/include -IC:/Users/pvtjo/.platformio/packages/framework-arduinoespressif32/tools/esp32-arduino-libs/esp32/include/espressif__esp-dsp/modules/math/addc/include -IC:/Users/pvtjo/.platformio/packages/framework-arduinoespressif32/tools/esp32-arduino-libs/esp32/include/espressif__esp-dsp/modules/math/mulc/include -IC:/Users/pvtjo/.platformio/packages/framework-arduinoespressif32/tools/esp32-arduino-libs/esp32/include/espressif__esp-dsp/modules/math/sqrt/include -IC:/Users/pvtjo/.platformio/packages/framework-arduinoespressif32/tools/esp32-arduino-libs/esp32/include/espressif__esp-dsp/modules/matrix/mul/include -IC:/Users/pvtjo/.platformio/packages/framework-arduinoespressif32/tools/esp32-arduino-libs/esp32/include/espressif__esp-dsp/modules/matrix/add/include -IC:/Users/pvtjo/.platformio/packages/framework-arduinoespressif32/tools/esp32-arduino-libs/esp32/include/espressif__esp-dsp/modules/matrix/addc/include -IC:/Users/pvtjo/.platformio/packages/framework-arduinoespressif32/tools/esp32-arduino-libs/esp32/include/espressif__esp-dsp/modules/matrix/mulc/include -IC:/Users/pvtjo/.platformio/packages/framework-arduinoespressif32/tools/esp32-arduino-libs/esp32/include/espressif__esp-dsp/modules/matrix/sub/include -IC:/Users/pvtjo/.platformio/packages/framework-arduinoespressif32/tools/esp32-arduino-libs/esp32/include/espressif__esp-dsp/modules/matrix/include -IC:/Users/pvtjo/.platformio/packages/framework-arduinoespressif32/tools/esp32-arduino-libs/esp32/include/espressif__esp-dsp/modules/fft/include -IC:/Users/pvtjo/.platformio/packages/framework-arduinoespressif32/tools/esp32-arduino-libs/esp32/include/espressif__esp-dsp/modules/dct/include -IC:/Users/pvtjo/.platformio/packages/framework-arduinoespressif32/tools/esp32-arduino-libs/esp32/include/espressif__esp-dsp/modules/conv/include -IC:/Users/pvtjo/.platformio/packages/framework-arduinoespressif32/tools/esp32-arduino-libs/esp32/include/espressif__esp-dsp/modules/common/include -IC:/Users/pvtjo/.platformio/packages/framework-arduinoespressif32/tools/esp32-arduino-libs/esp32/include/espressif__esp-dsp/modules/matrix/mul/test/include -IC:/Users/pvtjo/.platformio/packages/framework-arduinoespressif32/tools/esp32-arduino-libs/esp32/include/espressif__esp-dsp/modules/kalman/ekf/include -IC:/Users/pvtjo/.platformio/packages/framework-arduinoespressif32/tools/esp32-arduino-libs/esp32/include/espressif__esp-dsp/modules/kalman/ekf_imu13states/include -IC:/Users/pvtjo/.platformio/packages/framework-arduinoespressif32/tools/esp32-arduino-libs/esp32/include/espressif__esp_modem/include -IC:/Users/pvtjo/.platformio/packages/framework-arduinoespressif32/tools/esp32-arduino-libs/esp32/include/joltwallet__littlefs/include -IC:/Users/pvtjo/.platformio/packages/framework-arduinoespressif32/tools/esp32-arduino-libs/esp32/include/fb_gfx/include -IC:/Users/pvtjo/.platformio/packages/framework-arduinoespressif32/tools/esp32-arduino-libs/esp32/dio_qspi/include -IC:/Users/pvtjo/.platformio/packages/framework-arduinoespressif32/cores/esp32 -Ivariants/tasmota/esp32 -Iinclude lib/libesp32/berry_custom/src/be_custom_module.c
xtensa-esp32-elf-gcc @C:\SW\T-1000_V2\.pio\build\tasmota32\tmpj2ilz1c0.tmp
C:/SW/T-1000_V2/tasmota/tasmota_xsns_sensor/xsns_22_sr04.ino:41:10: fatal error: NewPing.h: No such file or directory

*****************************************************************
* Looking for NewPing.h dependency? Check our library registry!
*
* CLI  > platformio lib search "header:NewPing.h"
* Web  > https://registry.platformio.org/search?q=header:NewPing.h
*
*****************************************************************

   41 | #include <NewPing.h>
      |          ^~~~~~~~~~~
compilation terminated.
Retrieved `.pio\build\tasmota32\lib8b8\re1.5\sub.c.o' from cache
Retrieved `.pio\build\tasmota32\lib8b8\re1.5\thompson.c.o' from cache
Retrieved `.pio\build\tasmota32\lib8b8\re1.5\util.c.o' from cache
Using tempfile C:\SW\T-1000_V2\.pio\build\tasmota32\tmpva5opiww.tmp for command line:
xtensa-esp32-elf-gcc -o .pio/build/tasmota32/libf1e/default/be_modtab.c.o -c -Wno-discarded-qualifiers -Wno-implicit-function-declaration -Wno-incompatible-pointer-types -Wno-frame-address -std=gnu17 -Wno-old-style-declaration -Wno-deprecated-declarations -free -fipa-pta -Wreturn-type -mno-target-align -Wno-switch-unreachable -Wno-stringop-overflow -fno-exceptions -flto=auto -include sdkconfig.h -include esp32x_fixes.h -Os -mlongcalls -ffunction-sections -fdata-sections -Wno-error=unused-function -Wno-error=unused-variable -Wno-error=unused-but-set-variable -Wno-error=deprecated-declarations -Wno-unused-parameter -Wno-sign-compare -Wno-enum-conversion -gdwarf-4 -ggdb -freorder-blocks -fstrict-volatile-bitfields -fno-jump-tables -fno-tree-switch-conversion -MMD -includeesp_idf_version.h -DPLATFORMIO=60119 -DARDUINO_TASMOTA -DBOARD_HAS_PSRAM -DESP32_4M -DCORE_DEBUG_LEVEL=0 -DTASMOTA -DUSE_CONFIG_OVERRIDE -DUSE_IPV6 -DBUFFER_LENGTH=128 -DHTTP_UPLOAD_BUFLEN=2048 -DMQTT_MAX_PACKET_SIZE=1200 -Duint32=uint32_t -Duint16=uint16_t -Duint8=uint8_t -Dsint8_t=int8_t -Dsint32_t=int32_t -Dsint16_t=int16_t -Dmemcpy_P=memcpy -Dmemcmp_P=memcmp -DUSE_4K_RSA -DFIRMWARE_TASMOTA32 -DOTA_URL=\"http://ota.tasmota.com/tasmota32/release/tasmota32.bin\" -DESP_PLATFORM -DIDF_VER=\"5.1.4.240702\" -DLFS_MULTIVERSION -DMBEDTLS_CONFIG_FILE=\"mbedtls/esp_config.h\" -DNDEBUG -DSOC_MMU_PAGE_SIZE=CONFIG_MMU_PAGE_SIZE -DUNITY_INCLUDE_CONFIG_H -D_GNU_SOURCE -D_POSIX_READER_WRITER_LOCKS -DconfigENABLE_FREERTOS_DEBUG_OCDAWARE=1 -DARDUINO_ARCH_ESP32 -DESP32 -DF_CPU=160000000L -DARDUINO=10812 -DARDUINO_VARIANT=\"esp32\" "-DARDUINO_BOARD=\"Espressif Generic ESP32 >= 4M Flash PSRAM, Tasmota 2880k Code/OTA, 320k FS\"" -DARDUINO_PARTITION_esp32_partition_app2880k_fs320k -DCOMPILE_BERRY_LIB -Ilib/libesp32/re1.5 -Ilib/libesp32/berry_custom/src -Ilib/libesp32/berry_mapping/src -Ilib/libesp32/berry/generate -Ilib/libesp32/berry/src -Iinclude -IC:/Users/pvtjo/.platformio/packages/framework-arduinoespressif32/tools/esp32-arduino-libs/esp32/include/newlib/platform_include -IC:/Users/pvtjo/.platformio/packages/framework-arduinoespressif32/tools/esp32-arduino-libs/esp32/include/freertos/FreeRTOS-Kernel/include -IC:/Users/pvtjo/.platformio/packages/framework-arduinoespressif32/tools/esp32-arduino-libs/esp32/include/freertos/FreeRTOS-Kernel/portable/xtensa/include -IC:/Users/pvtjo/.platformio/packages/framework-arduinoespressif32/tools/esp32-arduino-libs/esp32/include/freertos/esp_additions/include/freertos -IC:/Users/pvtjo/.platformio/packages/framework-arduinoespressif32/tools/esp32-arduino-libs/esp32/include/freertos/esp_additions/include -IC:/Users/pvtjo/.platformio/packages/framework-arduinoespressif32/tools/esp32-arduino-libs/esp32/include/freertos/esp_additions/arch/xtensa/include -IC:/Users/pvtjo/.platformio/packages/framework-arduinoespressif32/tools/esp32-arduino-libs/esp32/include/esp_hw_support/include -IC:/Users/pvtjo/.platformio/packages/framework-arduinoespressif32/tools/esp32-arduino-libs/esp32/include/esp_hw_support/include/soc -IC:/Users/pvtjo/.platformio/packages/framework-arduinoespressif32/tools/esp32-arduino-libs/esp32/include/esp_hw_support/include/soc/esp32 -IC:/Users/pvtjo/.platformio/packages/framework-arduinoespressif32/tools/esp32-arduino-libs/esp32/include/esp_hw_support/port/esp32 -IC:/Users/pvtjo/.platformio/packages/framework-arduinoespressif32/tools/esp32-arduino-libs/esp32/include/heap/include -IC:/Users/pvtjo/.platformio/packages/framework-arduinoespressif32/tools/esp32-arduino-libs/esp32/include/log/include -IC:/Users/pvtjo/.platformio/packages/framework-arduinoespressif32/tools/esp32-arduino-libs/esp32/include/soc/include -IC:/Users/pvtjo/.platformio/packages/framework-arduinoespressif32/tools/esp32-arduino-libs/esp32/include/soc/esp32 -IC:/Users/pvtjo/.platformio/packages/framework-arduinoespressif32/tools/esp32-arduino-libs/esp32/include/soc/esp32/include -IC:/Users/pvtjo/.platformio/packages/framework-arduinoespressif32/tools/esp32-arduino-libs/esp32/include/hal/esp32/include -IC:/Users/pvtjo/.platformio/packages/framework-arduinoespressif32/tools/esp32-arduino-libs/esp32/include/hal/include -IC:/Users/pvtjo/.platformio/packages/framework-arduinoespressif32/tools/esp32-arduino-libs/esp32/include/hal/platform_port/include -IC:/Users/pvtjo/.platformio/packages/framework-arduinoespressif32/tools/esp32-arduino-libs/esp32/include/esp_rom/include -IC:/Users/pvtjo/.platformio/packages/framework-arduinoespressif32/tools/esp32-arduino-libs/esp32/include/esp_rom/include/esp32 -IC:/Users/pvtjo/.platformio/packages/framework-arduinoespressif32/tools/esp32-arduino-libs/esp32/include/esp_rom/esp32 -IC:/Users/pvtjo/.platformio/packages/framework-arduinoespressif32/tools/esp32-arduino-libs/esp32/include/esp_common/include -IC:/Users/pvtjo/.platformio/packages/framework-arduinoespressif32/tools/esp32-arduino-libs/esp32/include/esp_system/include -IC:/Users/pvtjo/.platformio/packages/framework-arduinoespressif32/tools/esp32-arduino-libs/esp32/include/esp_system/port/soc -IC:/Users/pvtjo/.platformio/packages/framework-arduinoespressif32/tools/esp32-arduino-libs/esp32/include/esp_system/port/include/private -IC:/Users/pvtjo/.platformio/packages/framework-arduinoespressif32/tools/esp32-arduino-libs/esp32/include/xtensa/include -IC:/Users/pvtjo/.platformio/packages/framework-arduinoespressif32/tools/esp32-arduino-libs/esp32/include/xtensa/esp32/include -IC:/Users/pvtjo/.platformio/packages/framework-arduinoespressif32/tools/esp32-arduino-libs/esp32/include/lwip/include -IC:/Users/pvtjo/.platformio/packages/framework-arduinoespressif32/tools/esp32-arduino-libs/esp32/include/lwip/include/apps -IC:/Users/pvtjo/.platformio/packages/framework-arduinoespressif32/tools/esp32-arduino-libs/esp32/include/lwip/include/apps/sntp -IC:/Users/pvtjo/.platformio/packages/framework-arduinoespressif32/tools/esp32-arduino-libs/esp32/include/lwip/lwip/src/include -IC:/Users/pvtjo/.platformio/packages/framework-arduinoespressif32/tools/esp32-arduino-libs/esp32/include/lwip/port/include -IC:/Users/pvtjo/.platformio/packages/framework-arduinoespressif32/tools/esp32-arduino-libs/esp32/include/lwip/port/freertos/include -IC:/Users/pvtjo/.platformio/packages/framework-arduinoespressif32/tools/esp32-arduino-libs/esp32/include/lwip/port/esp32xx/include -IC:/Users/pvtjo/.platformio/packages/framework-arduinoespressif32/tools/esp32-arduino-libs/esp32/include/lwip/port/esp32xx/include/arch -IC:/Users/pvtjo/.platformio/packages/framework-arduinoespressif32/tools/esp32-arduino-libs/esp32/include/espressif__esp32-camera/driver/include -IC:/Users/pvtjo/.platformio/packages/framework-arduinoespressif32/tools/esp32-arduino-libs/esp32/include/espressif__esp32-camera/conversions/include -IC:/Users/pvtjo/.platformio/packages/framework-arduinoespressif32/tools/esp32-arduino-libs/esp32/include/driver/include -IC:/Users/pvtjo/.platformio/packages/framework-arduinoespressif32/tools/esp32-arduino-libs/esp32/include/driver/deprecated -IC:/Users/pvtjo/.platformio/packages/framework-arduinoespressif32/tools/esp32-arduino-libs/esp32/include/driver/analog_comparator/include -IC:/Users/pvtjo/.platformio/packages/framework-arduinoespressif32/tools/esp32-arduino-libs/esp32/include/driver/dac/include -IC:/Users/pvtjo/.platformio/packages/framework-arduinoespressif32/tools/esp32-arduino-libs/esp32/include/driver/gpio/include -IC:/Users/pvtjo/.platformio/packages/framework-arduinoespressif32/tools/esp32-arduino-libs/esp32/include/driver/gptimer/include -IC:/Users/pvtjo/.platformio/packages/framework-arduinoespressif32/tools/esp32-arduino-libs/esp32/include/driver/i2c/include -IC:/Users/pvtjo/.platformio/packages/framework-arduinoespressif32/tools/esp32-arduino-libs/esp32/include/driver/i2s/include -IC:/Users/pvtjo/.platformio/packages/framework-arduinoespressif32/tools/esp32-arduino-libs/esp32/include/driver/ledc/include -IC:/Users/pvtjo/.platformio/packages/framework-arduinoespressif32/tools/esp32-arduino-libs/esp32/include/driver/mcpwm/include -IC:/Users/pvtjo/.platformio/packages/framework-arduinoespressif32/tools/esp32-arduino-libs/esp32/include/driver/parlio/include -IC:/Users/pvtjo/.platformio/packages/framework-arduinoespressif32/tools/esp32-arduino-libs/esp32/include/driver/pcnt/include -IC:/Users/pvtjo/.platformio/packages/framework-arduinoespressif32/tools/esp32-arduino-libs/esp32/include/driver/rmt/include -IC:/Users/pvtjo/.platformio/packages/framework-arduinoespressif32/tools/esp32-arduino-libs/esp32/include/driver/sdio_slave/include -IC:/Users/pvtjo/.platformio/packages/framework-arduinoespressif32/tools/esp32-arduino-libs/esp32/include/driver/sdmmc/include -IC:/Users/pvtjo/.platformio/packages/framework-arduinoespressif32/tools/esp32-arduino-libs/esp32/include/driver/sigma_delta/include -IC:/Users/pvtjo/.platformio/packages/framework-arduinoespressif32/tools/esp32-arduino-libs/esp32/include/driver/spi/include -IC:/Users/pvtjo/.platformio/packages/framework-arduinoespressif32/tools/esp32-arduino-libs/esp32/include/driver/temperature_sensor/include -IC:/Users/pvtjo/.platformio/packages/framework-arduinoespressif32/tools/esp32-arduino-libs/esp32/include/driver/touch_sensor/include -IC:/Users/pvtjo/.platformio/packages/framework-arduinoespressif32/tools/esp32-arduino-libs/esp32/include/driver/twai/include -IC:/Users/pvtjo/.platformio/packages/framework-arduinoespressif32/tools/esp32-arduino-libs/esp32/include/driver/uart/include -IC:/Users/pvtjo/.platformio/packages/framework-arduinoespressif32/tools/esp32-arduino-libs/esp32/include/driver/usb_serial_jtag/include -IC:/Users/pvtjo/.platformio/packages/framework-arduinoespressif32/tools/esp32-arduino-libs/esp32/include/driver/touch_sensor/esp32/include -IC:/Users/pvtjo/.platformio/packages/framework-arduinoespressif32/tools/esp32-arduino-libs/esp32/include/esp_pm/include -IC:/Users/pvtjo/.platformio/packages/framework-arduinoespressif32/tools/esp32-arduino-libs/esp32/include/esp_ringbuf/include -IC:/Users/pvtjo/.platformio/packages/framework-arduinoespressif32/tools/esp32-arduino-libs/esp32/include/efuse/include -IC:/Users/pvtjo/.platformio/packages/framework-arduinoespressif32/tools/esp32-arduino-libs/esp32/include/efuse/esp32/include -IC:/Users/pvtjo/.platformio/packages/framework-arduinoespressif32/tools/esp32-arduino-libs/esp32/include/mbedtls/port/include -IC:/Users/pvtjo/.platformio/packages/framework-arduinoespressif32/tools/esp32-arduino-libs/esp32/include/mbedtls/mbedtls/include -IC:/Users/pvtjo/.platformio/packages/framework-arduinoespressif32/tools/esp32-arduino-libs/esp32/include/mbedtls/mbedtls/library -IC:/Users/pvtjo/.platformio/packages/framework-arduinoespressif32/tools/esp32-arduino-libs/esp32/include/mbedtls/esp_crt_bundle/include -IC:/Users/pvtjo/.platformio/packages/framework-arduinoespressif32/tools/esp32-arduino-libs/esp32/include/mbedtls/mbedtls/3rdparty/everest/include -IC:/Users/pvtjo/.platformio/packages/framework-arduinoespressif32/tools/esp32-arduino-libs/esp32/include/mbedtls/mbedtls/3rdparty/p256-m -IC:/Users/pvtjo/.platformio/packages/framework-arduinoespressif32/tools/esp32-arduino-libs/esp32/include/mbedtls/mbedtls/3rdparty/p256-m/p256-m -IC:/Users/pvtjo/.platformio/packages/framework-arduinoespressif32/tools/esp32-arduino-libs/esp32/include/esp_app_format/include -IC:/Users/pvtjo/.platformio/packages/framework-arduinoespressif32/tools/esp32-arduino-libs/esp32/include/bootloader_support/include -IC:/Users/pvtjo/.platformio/packages/framework-arduinoespressif32/tools/esp32-arduino-libs/esp32/include/bootloader_support/bootloader_flash/include -IC:/Users/pvtjo/.platformio/packages/framework-arduinoespressif32/tools/esp32-arduino-libs/esp32/include/esp_partition/include -IC:/Users/pvtjo/.platformio/packages/framework-arduinoespressif32/tools/esp32-arduino-libs/esp32/include/app_update/include -IC:/Users/pvtjo/.platformio/packages/framework-arduinoespressif32/tools/esp32-arduino-libs/esp32/include/esp_mm/include -IC:/Users/pvtjo/.platformio/packages/framework-arduinoespressif32/tools/esp32-arduino-libs/esp32/include/spi_flash/include -IC:/Users/pvtjo/.platformio/packages/framework-arduinoespressif32/tools/esp32-arduino-libs/esp32/include/pthread/include -IC:/Users/pvtjo/.platformio/packages/framework-arduinoespressif32/tools/esp32-arduino-libs/esp32/include/esp_timer/include -IC:/Users/pvtjo/.platformio/packages/framework-arduinoespressif32/tools/esp32-arduino-libs/esp32/include/app_trace/include -IC:/Users/pvtjo/.platformio/packages/framework-arduinoespressif32/tools/esp32-arduino-libs/esp32/include/esp_event/include -IC:/Users/pvtjo/.platformio/packages/framework-arduinoespressif32/tools/esp32-arduino-libs/esp32/include/nvs_flash/include -IC:/Users/pvtjo/.platformio/packages/framework-arduinoespressif32/tools/esp32-arduino-libs/esp32/include/esp_phy/include -IC:/Users/pvtjo/.platformio/packages/framework-arduinoespressif32/tools/esp32-arduino-libs/esp32/include/esp_phy/esp32/include -IC:/Users/pvtjo/.platformio/packages/framework-arduinoespressif32/tools/esp32-arduino-libs/esp32/include/vfs/include -IC:/Users/pvtjo/.platformio/packages/framework-arduinoespressif32/tools/esp32-arduino-libs/esp32/include/esp_netif/include -IC:/Users/pvtjo/.platformio/packages/framework-arduinoespressif32/tools/esp32-arduino-libs/esp32/include/wpa_supplicant/include -IC:/Users/pvtjo/.platformio/packages/framework-arduinoespressif32/tools/esp32-arduino-libs/esp32/include/wpa_supplicant/port/include -IC:/Users/pvtjo/.platformio/packages/framework-arduinoespressif32/tools/esp32-arduino-libs/esp32/include/wpa_supplicant/esp_supplicant/include -IC:/Users/pvtjo/.platformio/packages/framework-arduinoespressif32/tools/esp32-arduino-libs/esp32/include/esp_coex/include -IC:/Users/pvtjo/.platformio/packages/framework-arduinoespressif32/tools/esp32-arduino-libs/esp32/include/esp_wifi/include -IC:/Users/pvtjo/.platformio/packages/framework-arduinoespressif32/tools/esp32-arduino-libs/esp32/include/esp_wifi/wifi_apps/include -IC:/Users/pvtjo/.platformio/packages/framework-arduinoespressif32/tools/esp32-arduino-libs/esp32/include/bt/include/esp32/include -IC:/Users/pvtjo/.platformio/packages/framework-arduinoespressif32/tools/esp32-arduino-libs/esp32/include/bt/common/osi/include -IC:/Users/pvtjo/.platformio/packages/framework-arduinoespressif32/tools/esp32-arduino-libs/esp32/include/bt/common/api/include/api -IC:/Users/pvtjo/.platformio/packages/framework-arduinoespressif32/tools/esp32-arduino-libs/esp32/include/bt/common/btc/profile/esp/blufi/include -IC:/Users/pvtjo/.platformio/packages/framework-arduinoespressif32/tools/esp32-arduino-libs/esp32/include/bt/common/btc/profile/esp/include -IC:/Users/pvtjo/.platformio/packages/framework-arduinoespressif32/tools/esp32-arduino-libs/esp32/include/bt/common/hci_log/include -IC:/Users/pvtjo/.platformio/packages/framework-arduinoespressif32/tools/esp32-arduino-libs/esp32/include/bt/porting/ext/tinycrypt/include -IC:/Users/pvtjo/.platformio/packages/framework-arduinoespressif32/tools/esp32-arduino-libs/esp32/include/bt/host/nimble/nimble/nimble/host/include -IC:/Users/pvtjo/.platformio/packages/framework-arduinoespressif32/tools/esp32-arduino-libs/esp32/include/bt/host/nimble/nimble/nimble/include -IC:/Users/pvtjo/.platformio/packages/framework-arduinoespressif32/tools/esp32-arduino-libs/esp32/include/bt/host/nimble/nimble/nimble/host/services/ans/include -IC:/Users/pvtjo/.platformio/packages/framework-arduinoespressif32/tools/esp32-arduino-libs/esp32/include/bt/host/nimble/nimble/nimble/host/services/bas/include -IC:/Users/pvtjo/.platformio/packages/framework-arduinoespressif32/tools/esp32-arduino-libs/esp32/include/bt/host/nimble/nimble/nimble/host/services/dis/include -IC:/Users/pvtjo/.platformio/packages/framework-arduinoespressif32/tools/esp32-arduino-libs/esp32/include/bt/host/nimble/nimble/nimble/host/services/gap/include -IC:/Users/pvtjo/.platformio/packages/framework-arduinoespressif32/tools/esp32-arduino-libs/esp32/include/bt/host/nimble/nimble/nimble/host/services/gatt/include -IC:/Users/pvtjo/.platformio/packages/framework-arduinoespressif32/tools/esp32-arduino-libs/esp32/include/bt/host/nimble/nimble/nimble/host/services/hr/include -IC:/Users/pvtjo/.platformio/packages/framework-arduinoespressif32/tools/esp32-arduino-libs/esp32/include/bt/host/nimble/nimble/nimble/host/services/htp/include -IC:/Users/pvtjo/.platformio/packages/framework-arduinoespressif32/tools/esp32-arduino-libs/esp32/include/bt/host/nimble/nimble/nimble/host/services/ias/include -IC:/Users/pvtjo/.platformio/packages/framework-arduinoespressif32/tools/esp32-arduino-libs/esp32/include/bt/host/nimble/nimble/nimble/host/services/ipss/include -IC:/Users/pvtjo/.platformio/packages/framework-arduinoespressif32/tools/esp32-arduino-libs/esp32/include/bt/host/nimble/nimble/nimble/host/services/lls/include -IC:/Users/pvtjo/.platformio/packages/framework-arduinoespressif32/tools/esp32-arduino-libs/esp32/include/bt/host/nimble/nimble/nimble/host/services/prox/include -IC:/Users/pvtjo/.platformio/packages/framework-arduinoespressif32/tools/esp32-arduino-libs/esp32/include/bt/host/nimble/nimble/nimble/host/services/cts/include -IC:/Users/pvtjo/.platformio/packages/framework-arduinoespressif32/tools/esp32-arduino-libs/esp32/include/bt/host/nimble/nimble/nimble/host/services/tps/include -IC:/Users/pvtjo/.platformio/packages/framework-arduinoespressif32/tools/esp32-arduino-libs/esp32/include/bt/host/nimble/nimble/nimble/host/services/hid/include -IC:/Users/pvtjo/.platformio/packages/framework-arduinoespressif32/tools/esp32-arduino-libs/esp32/include/bt/host/nimble/nimble/nimble/host/services/sps/include -IC:/Users/pvtjo/.platformio/packages/framework-arduinoespressif32/tools/esp32-arduino-libs/esp32/include/bt/host/nimble/nimble/nimble/host/util/include -IC:/Users/pvtjo/.platformio/packages/framework-arduinoespressif32/tools/esp32-arduino-libs/esp32/include/bt/host/nimble/nimble/nimble/host/store/ram/include -IC:/Users/pvtjo/.platformio/packages/framework-arduinoespressif32/tools/esp32-arduino-libs/esp32/include/bt/host/nimble/nimble/nimble/host/store/config/include -IC:/Users/pvtjo/.platformio/packages/framework-arduinoespressif32/tools/esp32-arduino-libs/esp32/include/bt/host/nimble/nimble/porting/nimble/include -IC:/Users/pvtjo/.platformio/packages/framework-arduinoespressif32/tools/esp32-arduino-libs/esp32/include/bt/host/nimble/port/include -IC:/Users/pvtjo/.platformio/packages/framework-arduinoespressif32/tools/esp32-arduino-libs/esp32/include/bt/host/nimble/nimble/nimble/transport/include -IC:/Users/pvtjo/.platformio/packages/framework-arduinoespressif32/tools/esp32-arduino-libs/esp32/include/bt/porting/include -IC:/Users/pvtjo/.platformio/packages/framework-arduinoespressif32/tools/esp32-arduino-libs/esp32/include/bt/host/nimble/nimble/porting/npl/freertos/include -IC:/Users/pvtjo/.platformio/packages/framework-arduinoespressif32/tools/esp32-arduino-libs/esp32/include/bt/host/nimble/esp-hci/include -IC:/Users/pvtjo/.platformio/packages/framework-arduinoespressif32/tools/esp32-arduino-libs/esp32/include/unity/include -IC:/Users/pvtjo/.platformio/packages/framework-arduinoespressif32/tools/esp32-arduino-libs/esp32/include/unity/unity/src -IC:/Users/pvtjo/.platformio/packages/framework-arduinoespressif32/tools/esp32-arduino-libs/esp32/include/cmock/CMock/src -IC:/Users/pvtjo/.platformio/packages/framework-arduinoespressif32/tools/esp32-arduino-libs/esp32/include/console -IC:/Users/pvtjo/.platformio/packages/framework-arduinoespressif32/tools/esp32-arduino-libs/esp32/include/http_parser -IC:/Users/pvtjo/.platformio/packages/framework-arduinoespressif32/tools/esp32-arduino-libs/esp32/include/esp-tls -IC:/Users/pvtjo/.platformio/packages/framework-arduinoespressif32/tools/esp32-arduino-libs/esp32/include/esp-tls/esp-tls-crypto -IC:/Users/pvtjo/.platformio/packages/framework-arduinoespressif32/tools/esp32-arduino-libs/esp32/include/esp_adc/include -IC:/Users/pvtjo/.platformio/packages/framework-arduinoespressif32/tools/esp32-arduino-libs/esp32/include/esp_adc/interface -IC:/Users/pvtjo/.platformio/packages/framework-arduinoespressif32/tools/esp32-arduino-libs/esp32/include/esp_adc/esp32/include -IC:/Users/pvtjo/.platformio/packages/framework-arduinoespressif32/tools/esp32-arduino-libs/esp32/include/esp_adc/deprecated/include -IC:/Users/pvtjo/.platformio/packages/framework-arduinoespressif32/tools/esp32-arduino-libs/esp32/include/esp_eth/include -IC:/Users/pvtjo/.platformio/packages/framework-arduinoespressif32/tools/esp32-arduino-libs/esp32/include/esp_gdbstub/include -IC:/Users/pvtjo/.platformio/packages/framework-arduinoespressif32/tools/esp32-arduino-libs/esp32/include/esp_hid/include -IC:/Users/pvtjo/.platformio/packages/framework-arduinoespressif32/tools/esp32-arduino-libs/esp32/include/tcp_transport/include -IC:/Users/pvtjo/.platformio/packages/framework-arduinoespressif32/tools/esp32-arduino-libs/esp32/include/esp_http_client/include -IC:/Users/pvtjo/.platformio/packages/framework-arduinoespressif32/tools/esp32-arduino-libs/esp32/include/esp_http_server/include -IC:/Users/pvtjo/.platformio/packages/framework-arduinoespressif32/tools/esp32-arduino-libs/esp32/include/esp_https_ota/include -IC:/Users/pvtjo/.platformio/packages/framework-arduinoespressif32/tools/esp32-arduino-libs/esp32/include/esp_psram/include -IC:/Users/pvtjo/.platformio/packages/framework-arduinoespressif32/tools/esp32-arduino-libs/esp32/include/esp_lcd/include -IC:/Users/pvtjo/.platformio/packages/framework-arduinoespressif32/tools/esp32-arduino-libs/esp32/include/esp_lcd/interface -IC:/Users/pvtjo/.platformio/packages/framework-arduinoespressif32/tools/esp32-arduino-libs/esp32/include/protobuf-c/protobuf-c -IC:/Users/pvtjo/.platformio/packages/framework-arduinoespressif32/tools/esp32-arduino-libs/esp32/include/protocomm/include/common -IC:/Users/pvtjo/.platformio/packages/framework-arduinoespressif32/tools/esp32-arduino-libs/esp32/include/protocomm/include/security -IC:/Users/pvtjo/.platformio/packages/framework-arduinoespressif32/tools/esp32-arduino-libs/esp32/include/protocomm/include/transports -IC:/Users/pvtjo/.platformio/packages/framework-arduinoespressif32/tools/esp32-arduino-libs/esp32/include/protocomm/include/crypto/srp6a -IC:/Users/pvtjo/.platformio/packages/framework-arduinoespressif32/tools/esp32-arduino-libs/esp32/include/protocomm/proto-c -IC:/Users/pvtjo/.platformio/packages/framework-arduinoespressif32/tools/esp32-arduino-libs/esp32/include/esp_local_ctrl/include -IC:/Users/pvtjo/.platformio/packages/framework-arduinoespressif32/tools/esp32-arduino-libs/esp32/include/espcoredump/include -IC:/Users/pvtjo/.platformio/packages/framework-arduinoespressif32/tools/esp32-arduino-libs/esp32/include/espcoredump/include/port/xtensa -IC:/Users/pvtjo/.platformio/packages/framework-arduinoespressif32/tools/esp32-arduino-libs/esp32/include/wear_levelling/include -IC:/Users/pvtjo/.platformio/packages/framework-arduinoespressif32/tools/esp32-arduino-libs/esp32/include/sdmmc/include -IC:/Users/pvtjo/.platformio/packages/framework-arduinoespressif32/tools/esp32-arduino-libs/esp32/include/fatfs/diskio -IC:/Users/pvtjo/.platformio/packages/framework-arduinoespressif32/tools/esp32-arduino-libs/esp32/include/fatfs/vfs -IC:/Users/pvtjo/.platformio/packages/framework-arduinoespressif32/tools/esp32-arduino-libs/esp32/include/fatfs/src -IC:/Users/pvtjo/.platformio/packages/framework-arduinoespressif32/tools/esp32-arduino-libs/esp32/include/idf_test/include -IC:/Users/pvtjo/.platformio/packages/framework-arduinoespressif32/tools/esp32-arduino-libs/esp32/include/idf_test/include/esp32 -IC:/Users/pvtjo/.platformio/packages/framework-arduinoespressif32/tools/esp32-arduino-libs/esp32/include/ieee802154/include -IC:/Users/pvtjo/.platformio/packages/framework-arduinoespressif32/tools/esp32-arduino-libs/esp32/include/json/cJSON -IC:/Users/pvtjo/.platformio/packages/framework-arduinoespressif32/tools/esp32-arduino-libs/esp32/include/perfmon/include -IC:/Users/pvtjo/.platformio/packages/framework-arduinoespressif32/tools/esp32-arduino-libs/esp32/include/ulp/ulp_common/include -IC:/Users/pvtjo/.platformio/packages/framework-arduinoespressif32/tools/esp32-arduino-libs/esp32/include/ulp/ulp_common/include/esp32 -IC:/Users/pvtjo/.platformio/packages/framework-arduinoespressif32/tools/esp32-arduino-libs/esp32/include/ulp/ulp_fsm/include -IC:/Users/pvtjo/.platformio/packages/framework-arduinoespressif32/tools/esp32-arduino-libs/esp32/include/ulp/ulp_fsm/include/esp32 -IC:/Users/pvtjo/.platformio/packages/framework-arduinoespressif32/tools/esp32-arduino-libs/esp32/include/espressif__mdns/include -IC:/Users/pvtjo/.platformio/packages/framework-arduinoespressif32/tools/esp32-arduino-libs/esp32/include/espressif__esp-dsp/modules/dotprod/include -IC:/Users/pvtjo/.platformio/packages/framework-arduinoespressif32/tools/esp32-arduino-libs/esp32/include/espressif__esp-dsp/modules/support/include -IC:/Users/pvtjo/.platformio/packages/framework-arduinoespressif32/tools/esp32-arduino-libs/esp32/include/espressif__esp-dsp/modules/support/mem/include -IC:/Users/pvtjo/.platformio/packages/framework-arduinoespressif32/tools/esp32-arduino-libs/esp32/include/espressif__esp-dsp/modules/windows/include -IC:/Users/pvtjo/.platformio/packages/framework-arduinoespressif32/tools/esp32-arduino-libs/esp32/include/espressif__esp-dsp/modules/windows/hann/include -IC:/Users/pvtjo/.platformio/packages/framework-arduinoespressif32/tools/esp32-arduino-libs/esp32/include/espressif__esp-dsp/modules/windows/blackman/include -IC:/Users/pvtjo/.platformio/packages/framework-arduinoespressif32/tools/esp32-arduino-libs/esp32/include/espressif__esp-dsp/modules/windows/blackman_harris/include -IC:/Users/pvtjo/.platformio/packages/framework-arduinoespressif32/tools/esp32-arduino-libs/esp32/include/espressif__esp-dsp/modules/windows/blackman_nuttall/include -IC:/Users/pvtjo/.platformio/packages/framework-arduinoespressif32/tools/esp32-arduino-libs/esp32/include/espressif__esp-dsp/modules/windows/nuttall/include -IC:/Users/pvtjo/.platformio/packages/framework-arduinoespressif32/tools/esp32-arduino-libs/esp32/include/espressif__esp-dsp/modules/windows/flat_top/include -IC:/Users/pvtjo/.platformio/packages/framework-arduinoespressif32/tools/esp32-arduino-libs/esp32/include/espressif__esp-dsp/modules/iir/include -IC:/Users/pvtjo/.platformio/packages/framework-arduinoespressif32/tools/esp32-arduino-libs/esp32/include/espressif__esp-dsp/modules/fir/include -IC:/Users/pvtjo/.platformio/packages/framework-arduinoespressif32/tools/esp32-arduino-libs/esp32/include/espressif__esp-dsp/modules/math/include -IC:/Users/pvtjo/.platformio/packages/framework-arduinoespressif32/tools/esp32-arduino-libs/esp32/include/espressif__esp-dsp/modules/math/add/include -IC:/Users/pvtjo/.platformio/packages/framework-arduinoespressif32/tools/esp32-arduino-libs/esp32/include/espressif__esp-dsp/modules/math/sub/include -IC:/Users/pvtjo/.platformio/packages/framework-arduinoespressif32/tools/esp32-arduino-libs/esp32/include/espressif__esp-dsp/modules/math/mul/include -IC:/Users/pvtjo/.platformio/packages/framework-arduinoespressif32/tools/esp32-arduino-libs/esp32/include/espressif__esp-dsp/modules/math/addc/include -IC:/Users/pvtjo/.platformio/packages/framework-arduinoespressif32/tools/esp32-arduino-libs/esp32/include/espressif__esp-dsp/modules/math/mulc/include -IC:/Users/pvtjo/.platformio/packages/framework-arduinoespressif32/tools/esp32-arduino-libs/esp32/include/espressif__esp-dsp/modules/math/sqrt/include -IC:/Users/pvtjo/.platformio/packages/framework-arduinoespressif32/tools/esp32-arduino-libs/esp32/include/espressif__esp-dsp/modules/matrix/mul/include -IC:/Users/pvtjo/.platformio/packages/framework-arduinoespressif32/tools/esp32-arduino-libs/esp32/include/espressif__esp-dsp/modules/matrix/add/include -IC:/Users/pvtjo/.platformio/packages/framework-arduinoespressif32/tools/esp32-arduino-libs/esp32/include/espressif__esp-dsp/modules/matrix/addc/include -IC:/Users/pvtjo/.platformio/packages/framework-arduinoespressif32/tools/esp32-arduino-libs/esp32/include/espressif__esp-dsp/modules/matrix/mulc/include -IC:/Users/pvtjo/.platformio/packages/framework-arduinoespressif32/tools/esp32-arduino-libs/esp32/include/espressif__esp-dsp/modules/matrix/sub/include -IC:/Users/pvtjo/.platformio/packages/framework-arduinoespressif32/tools/esp32-arduino-libs/esp32/include/espressif__esp-dsp/modules/matrix/include -IC:/Users/pvtjo/.platformio/packages/framework-arduinoespressif32/tools/esp32-arduino-libs/esp32/include/espressif__esp-dsp/modules/fft/include -IC:/Users/pvtjo/.platformio/packages/framework-arduinoespressif32/tools/esp32-arduino-libs/esp32/include/espressif__esp-dsp/modules/dct/include -IC:/Users/pvtjo/.platformio/packages/framework-arduinoespressif32/tools/esp32-arduino-libs/esp32/include/espressif__esp-dsp/modules/conv/include -IC:/Users/pvtjo/.platformio/packages/framework-arduinoespressif32/tools/esp32-arduino-libs/esp32/include/espressif__esp-dsp/modules/common/include -IC:/Users/pvtjo/.platformio/packages/framework-arduinoespressif32/tools/esp32-arduino-libs/esp32/include/espressif__esp-dsp/modules/matrix/mul/test/include -IC:/Users/pvtjo/.platformio/packages/framework-arduinoespressif32/tools/esp32-arduino-libs/esp32/include/espressif__esp-dsp/modules/kalman/ekf/include -IC:/Users/pvtjo/.platformio/packages/framework-arduinoespressif32/tools/esp32-arduino-libs/esp32/include/espressif__esp-dsp/modules/kalman/ekf_imu13states/include -IC:/Users/pvtjo/.platformio/packages/framework-arduinoespressif32/tools/esp32-arduino-libs/esp32/include/espressif__esp_modem/include -IC:/Users/pvtjo/.platformio/packages/framework-arduinoespressif32/tools/esp32-arduino-libs/esp32/include/joltwallet__littlefs/include -IC:/Users/pvtjo/.platformio/packages/framework-arduinoespressif32/tools/esp32-arduino-libs/esp32/include/fb_gfx/include -IC:/Users/pvtjo/.platformio/packages/framework-arduinoespressif32/tools/esp32-arduino-libs/esp32/dio_qspi/include -IC:/Users/pvtjo/.platformio/packages/framework-arduinoespressif32/cores/esp32 -Ivariants/tasmota/esp32 -Itasmota lib/libesp32/berry/default/be_modtab.c
xtensa-esp32-elf-gcc @C:\SW\T-1000_V2\.pio\build\tasmota32\tmpva5opiww.tmp
*** [.pio\build\tasmota32\src\tasmota.ino.cpp.o] Error 1
========================= [FAILED] Took 18.38 seconds =========================

Environment              Status    Duration
-----------------------  --------  ------------
tasmota                  IGNORED
tasmota-4M               IGNORED
tasmota-minimal          IGNORED
tasmota-lite             IGNORED
tasmota-knx              IGNORED
tasmota-sensors          IGNORED
tasmota-display          IGNORED
tasmota-ir               IGNORED
tasmota-zbbridge         IGNORED
tasmota-zigbee           IGNORED
tasmota-AD               IGNORED
tasmota-AF               IGNORED
tasmota-BG               IGNORED
tasmota-BR               IGNORED
tasmota-CN               IGNORED
tasmota-CZ               IGNORED
tasmota-DE               IGNORED
tasmota-ES               IGNORED
tasmota-FR               IGNORED
tasmota-FY               IGNORED
tasmota-GR               IGNORED
tasmota-HE               IGNORED
tasmota-HU               IGNORED
tasmota-IT               IGNORED
tasmota-KO               IGNORED
tasmota-LT               IGNORED
tasmota-NL               IGNORED
tasmota-PL               IGNORED
tasmota-PT               IGNORED
tasmota-RO               IGNORED
tasmota-RU               IGNORED
tasmota-SE               IGNORED
tasmota-SK               IGNORED
tasmota-TR               IGNORED
tasmota-TW               IGNORED
tasmota-UK               IGNORED
tasmota-VN               IGNORED
tasmota32_base           IGNORED
tasmota32-safeboot       IGNORED
tasmota32solo1-safeboot  IGNORED
tasmota32s2-safeboot     IGNORED
tasmota32s2cdc-safeboot  IGNORED
tasmota32c2-safeboot     IGNORED
tasmota32c3-safeboot     IGNORED
tasmota32c3ser-safeboot  IGNORED
tasmota32s3-safeboot     IGNORED
tasmota32c6-safeboot     IGNORED
tasmota32c6ser-safeboot  IGNORED
tasmota32s3ser-safeboot  IGNORED
tasmota32                FAILED    00:00:18.378
tasmota32solo1           IGNORED
tasmota32s2              IGNORED
tasmota32s2cdc           IGNORED
tasmota32c2              IGNORED
tasmota32c3              IGNORED
tasmota32c6              IGNORED
tasmota32s3              IGNORED
tasmota32-webcam         IGNORED
tasmota32-bluetooth      IGNORED
tasmota32-display        IGNORED
tasmota32-lvgl           IGNORED
tasmota32-ir             IGNORED
tasmota32-zbbrdgpro      IGNORED
tasmota32-nspanel        IGNORED
tasmota32-AD             IGNORED
tasmota32-AF             IGNORED
tasmota32-BG             IGNORED
tasmota32-BR             IGNORED
tasmota32-CN             IGNORED
tasmota32-CZ             IGNORED
tasmota32-DE             IGNORED
tasmota32-ES             IGNORED
tasmota32-FR             IGNORED
tasmota32-FY             IGNORED
tasmota32-GR             IGNORED
tasmota32-HE             IGNORED
tasmota32-HU             IGNORED
tasmota32-IT             IGNORED
tasmota32-KO             IGNORED
tasmota32-NL             IGNORED
tasmota32-PL             IGNORED
tasmota32-PT             IGNORED
tasmota32-RO             IGNORED
tasmota32-RU             IGNORED
tasmota32-SE             IGNORED
tasmota32-SK             IGNORED
tasmota32-TR             IGNORED
tasmota32-TW             IGNORED
tasmota32-UK             IGNORED
tasmota32-VN             IGNORED
tasmota-rangeextender    IGNORED
tasmota32-rangeextender  IGNORED
tasmota32-nopsram        IGNORED
tasmota32s3-file         IGNORED
tasmota32s3-qio_opi-all  IGNORED
tasmota32s3-qio_opi_120  IGNORED
tasmota32s3-opi_opi      IGNORED
tasmota32c3-bluetooth    IGNORED
tasmota32s3-bluetooth    IGNORED
tasmota32-mi32           IGNORED
tasmota32c3-mi32         IGNORED
tasmota32s3-mi32         IGNORED
tasmota32c6-mi32         IGNORED
tasmota-debug            IGNORED
tasmota32-debug          IGNORED
tasmota32-ocd            IGNORED
tasmota32solo1-ocd       IGNORED
tasmota32s2-ocd          IGNORED
tasmota32s3-ocd          IGNORED
tasmota32c3-ocd          IGNORED
==================== 1 failed, 0 succeeded in 00:00:18.378 ====================
